GEOID,county,Pop,White,Black,Asian,Hispanic
48085031811,085,1662,57.76,2.29,24.19,11.43
48085031812,085,1120,83.04,0.0,12.23,4.73
48085031813,085,2287,41.41,8.48,25.54,22.82
48085031814,085,1932,72.2,1.97,2.69,22.05
48085031815,085,3764,75.58,6.93,8.48,4.97
48085031816,085,2054,60.37,0.0,12.41,6.43
48085031901,085,3271,34.85,21.13,7.43,27.73
48085031902,085,3039,35.21,16.98,4.94,40.87
48085031903,085,662,43.5,37.92,11.48,3.63
48085031904,085,1680,46.25,10.89,13.93,21.73
48085032003,085,5380,32.25,3.31,1.6,60.2
48085032008,085,4372,60.0,7.16,10.29,18.14
48085032010,085,6947,26.18,13.39,15.81,41.02
48085032012,085,3869,23.83,6.44,0.7,65.62
48085032013,085,6252,22.98,13.5,22.95,35.81
48085032014,085,5335,15.88,5.0,0.0,78.97
48085032015,085,3095,58.97,25.88,0.0,12.54
48085032016,085,2666,33.68,12.6,44.19,8.36
48085032017,085,4649,42.76,10.91,36.01,5.08
48085032018,085,2748,66.08,13.54,12.3,7.24
48085032019,085,3147,50.84,5.97,34.32,3.46
48113021000,113,5376,2.72,39.99,0.0,56.66
48113021100,113,4636,2.61,58.09,0.0,39.3
48113021200,113,4997,8.1,7.94,0.72,83.15
48113980000,113,0,,,,
48113980100,113,0,,,,
48113980200,113,1788,28.36,3.97,40.94,14.77
48121020109,121,7227,63.95,6.57,18.72,6.42
48121020110,121,5828,52.57,15.51,15.2,12.49
48121020111,121,4202,63.95,13.9,7.21,12.73
48121020112,121,3521,55.86,14.74,12.72,14.68
48121020115,121,6573,60.75,8.44,1.83,22.9
48121020116,121,5030,87.38,2.92,0.22,6.52
48121020117,121,1981,91.72,3.58,1.46,1.62
48121020118,121,5057,64.96,3.64,0.0,27.43
48121020119,121,5619,47.43,27.8,2.87,21.91
48121020120,121,7956,43.99,17.79,3.26,28.02
48121020121,121,4635,78.23,5.61,0.0,15.51
48121020122,121,4374,70.16,11.87,0.59,14.49
48121020123,121,4339,55.63,18.76,2.01,19.11
48121020124,121,2337,69.32,9.29,0.0,17.76
48121020125,121,6872,63.02,14.6,0.8,13.5
48121020126,121,4480,52.12,11.79,2.92,25.51
48121020127,121,8317,37.49,16.74,16.57,26.36
48121020128,121,7943,56.09,12.98,16.45,10.63
48121020129,121,2616,68.96,0.0,0.27,26.95
48121020130,121,1305,70.04,0.0,7.43,22.38
48121020131,121,7046,58.81,16.86,0.78,20.72
48121020132,121,7086,50.93,25.37,17.82,2.29
48121020133,121,8564,50.5,13.84,7.3,13.48
48121020134,121,4810,21.14,21.77,25.26,29.98
48121020135,121,5126,54.51,23.92,6.32,12.86
48121020136,121,2268,64.07,19.97,3.75,8.99
48121020137,121,2562,62.3,19.87,0.0,3.4
48121020203,121,6721,71.11,3.81,0.58,22.02
48121020204,121,5239,75.95,8.46,2.62,12.16
48121020205,121,2188,79.11,0.0,0.0,19.33
48257050213,257,4468,69.16,8.26,4.01,15.24
48257050214,257,3579,57.75,20.37,0.0,21.88
48257050215,257,6906,79.57,5.88,0.29,12.6
48257050300,257,4228,51.11,12.49,0.0,32.12
48257050401,257,2941,32.98,17.58,0.0,44.98
48257050402,257,5077,56.77,16.96,0.0,25.47
48257050500,257,5523,29.59,48.81,0.63,16.8
48257050601,257,3190,61.72,8.28,1.38,23.07
48257050602,257,4227,82.54,12.94,0.0,2.84
48257050701,257,4585,71.43,2.46,0.0,25.43
48257050703,257,3391,51.99,0.18,0.0,46.21
48257050704,257,6381,46.48,4.94,0.0,42.86
48257050801,257,3140,77.32,0.06,0.51,16.82
48257050802,257,7054,82.41,3.43,0.35,11.11
48257051000,257,1476,30.08,14.16,0.0,55.76
48257051100,257,6382,61.45,6.2,0.0,31.56
48257051201,257,3235,70.54,3.89,0.0,24.61
48257051202,257,5544,73.59,5.16,0.23,16.31
48257051301,257,5664,83.12,4.64,0.58,9.3
48257051302,257,2845,90.26,3.69,0.53,4.43
48121020206,121,2600,87.04,0.0,0.0,11.08
48121020207,121,3360,81.49,0.0,0.68,13.87
48121020208,121,2885,72.13,5.89,0.0,21.53
48121020305,121,6501,92.94,0.43,1.48,3.51
48121020310,121,4048,95.11,0.62,1.46,1.19
48121020311,121,2732,62.23,7.21,13.58,14.71
48121020312,121,4522,74.35,1.48,6.94,13.29
48121020313,121,4565,86.97,0.2,0.31,9.81
48121020314,121,8250,73.84,4.22,1.98,16.01
48121020315,121,4331,59.73,1.29,0.9,36.41
48121020316,121,3658,95.41,0.27,0.0,2.1
48121020317,121,3437,84.55,2.91,3.87,5.96
48121020318,121,5353,84.44,1.7,1.72,12.14
48121020319,121,5821,67.93,4.9,0.0,23.23
48121020320,121,5808,56.53,5.41,2.07,31.49
48121020321,121,6121,69.89,4.54,6.63,16.99
48121020322,121,7180,72.52,1.04,2.94,18.87
48121020402,121,6292,77.54,4.39,1.03,13.81
48121020403,121,3395,82.09,1.5,1.77,12.25
48121020404,121,4607,55.63,3.34,4.47,25.31
48121020405,121,4265,78.69,0.63,1.52,17.33
48121020504,121,3967,46.43,12.35,0.0,35.59
48121020505,121,7189,78.87,2.53,1.79,15.73
48121020506,121,1686,66.01,2.08,1.01,28.71
48121020507,121,3536,58.48,0.96,0.85,37.98
48121020508,121,3067,59.83,7.96,4.53,20.74
48121020601,121,5143,41.18,19.54,5.27,30.76
48121020603,121,3210,33.18,5.08,0.0,57.66
48121020604,121,3571,45.11,6.78,2.35,43.6
48121020605,121,2905,45.82,26.27,2.96,24.51
48121020700,121,3195,62.28,8.79,8.11,18.47
48121020800,121,6691,44.12,16.23,1.61,35.75
48121020900,121,4651,41.67,20.6,9.78,24.66
48121021000,121,6177,48.73,6.82,12.76,24.95
48121021100,121,3391,67.03,5.28,10.2,17.16
48121021202,121,4401,35.74,31.22,1.64,28.72
48121021203,121,3358,37.94,26.47,2.26,27.64
48121021204,121,3872,48.06,26.58,0.67,19.55
48121021301,121,3793,47.35,20.62,10.97,19.48
48121021304,121,6136,64.7,13.98,4.69,12.47
48121021305,121,4110,67.69,6.13,3.07,16.23
48121021306,121,3130,59.04,3.42,6.96,20.89
48121021307,121,5278,64.63,11.99,1.57,17.32
48121021410,121,4838,80.01,4.59,8.02,4.2
48121021411,121,7454,51.84,2.91,0.83,42.14
48121021412,121,5393,77.3,7.08,2.32,11.46
48425000101,425,4112,68.63,2.43,0.0,28.72
48425000102,425,3068,92.96,0.0,1.86,5.18
48425000200,425,1778,82.9,0.17,0.0,16.14
48113000100,113,3985,76.94,7.98,2.53,7.55
48113000201,113,2809,90.32,2.17,0.43,6.16
48113000202,113,3876,78.38,1.55,2.22,13.18
48113000300,113,4815,83.45,2.7,0.75,11.61
48113000401,113,4645,34.34,17.33,5.81,40.11
48113000405,113,2406,27.06,36.45,2.54,33.08
48113000407,113,2039,28.0,5.25,6.42,60.32
48113000408,113,2465,53.63,6.53,11.48,25.64
48113000409,113,3560,32.19,9.78,19.58,32.11
48113000410,113,5078,22.49,1.6,0.39,75.52
48113000501,113,2063,40.96,12.75,17.84,23.65
48113000502,113,2117,81.34,3.78,5.2,9.68
48113000503,113,2007,60.89,19.53,16.24,3.34
48113000605,113,2324,64.33,1.46,14.72,12.99
48113000606,113,2838,78.79,4.72,5.64,7.58
48113000607,113,2148,78.31,4.56,7.87,6.28
48113000608,113,2456,69.54,3.01,14.05,12.42
48113000609,113,1643,53.07,19.29,4.75,16.37
48113000610,113,2573,5.71,5.56,0.0,88.73
48113000611,113,1980,47.22,23.89,5.56,21.01
48113000703,113,2851,68.71,2.14,16.38,12.31
48113000704,113,3166,69.55,7.04,7.83,11.91
48113000705,113,2146,76.1,4.19,4.52,14.73
48113000706,113,1602,88.01,4.37,0.81,6.8
48113000801,113,3685,32.43,18.7,4.91,40.05
48113000802,113,3565,35.57,12.06,3.39,44.21
48113000901,113,2659,74.84,1.5,3.2,16.02
48113000902,113,2243,41.6,14.67,8.02,35.71
48113001001,113,1300,72.69,3.85,5.0,14.62
48113001002,113,2213,55.13,0.68,4.16,27.7
48113001101,113,3882,74.32,5.0,6.44,12.57
48113001102,113,2824,87.82,0.6,2.9,6.23
48113001202,113,4020,43.96,14.03,4.53,36.24
48113001203,113,1427,49.54,0.7,1.19,48.56
48113001204,113,2641,6.47,0.0,0.0,91.52
48113001301,113,2906,63.35,3.41,3.23,27.29
48113001302,113,2624,48.02,25.15,1.52,24.73
48121021413,121,3195,86.95,1.0,0.88,7.26
48121021414,121,5088,28.05,0.14,0.51,69.77
48121021415,121,7780,56.23,3.92,4.68,29.65
48121021416,121,5505,49.77,7.54,3.98,33.22
48121021417,121,2638,58.07,5.12,12.05,19.83
48121021418,121,5297,79.52,6.61,0.55,9.16
48121021419,121,4739,66.24,7.15,0.93,22.11
48121021420,121,3208,77.46,6.05,0.0,14.65
48121021421,121,3195,71.14,7.7,3.54,6.35
48121021422,121,4099,74.29,0.12,6.03,17.49
48121021423,121,3315,64.13,5.85,3.53,22.96
48121021502,121,5199,38.87,11.85,0.58,48.16
48121021505,121,7438,61.02,7.68,11.83,17.36
48121021512,121,4968,82.39,3.04,3.88,6.6
48121021513,121,3533,93.35,1.19,1.19,3.96
48121021514,121,4582,84.92,2.4,2.92,6.85
48121021516,121,7557,57.59,11.54,2.18,25.16
48121021517,121,3526,29.21,22.63,18.15,25.95
48121021518,121,2863,58.4,8.24,4.99,26.2
48121021520,121,4550,49.54,16.88,1.52,26.48
48121021521,121,4366,55.45,7.44,1.28,34.84
48121021522,121,4409,35.45,15.08,33.0,10.57
48121021526,121,7486,70.36,4.02,9.98,7.83
48121021528,121,2560,77.42,0.47,9.53,8.48
48121021529,121,4327,58.1,6.19,15.85,16.29
48121021530,121,3075,47.97,6.67,4.1,27.15
48121021531,121,4471,60.12,11.65,14.56,10.76
48121021532,121,4713,42.33,15.96,15.19,16.08
48121021533,121,5578,51.22,10.13,15.87,16.4
48121021534,121,4583,52.0,18.94,17.17,7.05
48121021535,121,3643,91.77,2.44,0.0,3.9
48121021536,121,4766,50.36,11.88,22.01,13.37
48121021537,121,5434,56.64,9.55,10.91,19.36
48121021538,121,5294,45.81,7.67,23.37,20.85
48121021539,121,7644,51.26,3.92,36.88,7.52
48121021540,121,5125,43.49,5.03,30.2,10.81
48121021611,121,4221,42.36,11.85,17.84,26.44
48121021612,121,3708,50.32,5.04,14.35,28.26
48121021613,121,5631,21.13,13.87,17.6,45.66
48121021614,121,4585,37.16,4.17,8.66,47.85
48121021615,121,4988,36.77,2.65,4.11,54.55
48121021616,121,4934,38.69,23.96,4.36,31.56
48121021618,121,4943,49.26,6.64,0.0,42.55
48121021619,121,3497,15.99,3.15,3.32,71.55
48121021620,121,3051,37.82,27.63,5.57,19.8
48121021621,121,3753,54.14,6.93,19.8,17.51
48439100101,439,5187,21.17,0.0,7.52,69.42
48439100102,439,4694,41.86,1.75,0.38,55.22
48439100201,439,5184,5.44,3.24,2.16,88.95
48439100202,439,5035,2.98,2.07,0.0,94.96
48439100300,439,6211,3.56,20.59,0.0,75.67
48439100401,439,1856,21.23,2.1,0.0,76.67
48439100402,439,3893,1.54,0.0,0.0,98.46
48439100503,439,3028,7.43,4.29,0.1,88.18
48439100504,439,4300,17.77,0.79,0.0,81.07
48439100505,439,5370,20.26,17.56,0.48,57.54
48439100506,439,5595,10.12,6.18,3.27,80.43
48439100601,439,2337,74.03,4.19,0.09,21.31
48439100602,439,4411,44.55,8.05,1.07,41.22
48439100700,439,5675,28.44,0.6,0.25,68.33
48439100800,439,5778,4.95,1.25,0.14,93.42
48439100900,439,2077,7.08,1.54,0.0,89.26
48439101201,439,2218,26.42,7.71,5.55,59.83
48439101202,439,5639,12.48,8.44,0.37,77.34
48439101301,439,4887,36.2,31.21,1.17,26.09
48439101302,439,3113,19.4,28.11,0.0,51.33
48439101401,439,6069,29.64,23.73,0.69,44.27
48439101402,439,4369,7.78,17.9,0.18,71.6
48439101403,439,5751,17.35,23.42,4.02,54.84
48439101500,439,4671,24.28,8.14,13.1,47.59
48439101700,439,2545,13.6,38.07,0.16,42.63
48439102000,439,3713,70.21,6.57,9.59,12.44
48439102101,439,2342,84.12,0.9,3.29,10.72
48439102102,439,3057,61.76,14.95,0.0,22.24
48439102201,439,3871,81.4,2.4,0.0,15.29
48439102202,439,2590,88.53,1.81,1.24,4.9
48439102301,439,3512,36.36,18.65,0.0,44.39
48439102302,439,5365,43.84,6.49,0.0,43.97
48439102401,439,4279,61.39,16.97,2.13,18.18
48439102402,439,4347,73.15,8.7,2.65,13.66
48439102500,439,3518,10.06,51.05,5.09,31.67
48439102601,439,3548,39.88,14.46,0.93,43.91
48439102602,439,3307,46.05,4.02,0.0,48.59
48439102700,439,3280,68.81,1.1,4.91,21.1
48439103500,439,5088,11.54,13.95,0.73,72.23
48439103601,439,2404,1.71,51.37,0.29,44.09
48439103602,439,2607,3.68,52.36,0.0,43.34
48439103701,439,4596,9.29,18.95,0.0,69.95
48439103702,439,3976,2.06,44.64,0.0,52.39
48439103800,439,3275,17.68,40.09,3.18,36.03
48113001502,113,3424,25.55,11.77,2.19,59.75
48113001503,113,2068,34.43,17.31,5.51,36.85
48113001504,113,2780,34.46,16.12,6.73,41.76
48113001601,113,2001,36.93,38.63,2.1,12.94
48113001602,113,2577,64.49,13.85,10.28,10.01
48113001703,113,3631,63.45,3.53,12.12,14.24
48113001705,113,2536,72.32,6.66,6.82,10.61
48113001801,113,2506,80.89,8.42,3.43,5.03
48113001802,113,3059,73.65,4.87,10.89,9.38
48113001901,113,3683,74.88,2.77,6.95,13.09
48113001902,113,4492,64.29,15.52,5.1,12.98
48113002001,113,2597,31.31,34.23,4.43,26.45
48113002002,113,3586,7.45,4.16,0.0,87.79
48113002100,113,2659,54.31,21.44,8.31,9.89
48113002200,113,2731,53.53,14.9,10.22,17.87
48113002400,113,2741,18.1,4.89,3.54,73.11
48113002500,113,6281,5.81,19.47,0.0,72.33
48113002703,113,5901,0.63,66.21,2.08,31.08
48113003102,113,1372,75.73,9.62,1.75,12.54
48113003103,113,2440,56.43,18.69,2.66,16.43
48113003700,113,3098,12.75,54.49,0.36,32.41
48113004201,113,4060,41.48,3.52,0.32,52.22
48113004202,113,1984,41.99,0.86,5.09,50.35
48113004300,113,3625,24.47,23.42,1.63,46.07
48113004400,113,3906,65.03,9.06,1.08,21.4
48113004500,113,6101,17.21,5.52,0.36,76.05
48113004600,113,2089,44.47,16.47,0.38,35.57
48113004700,113,2935,14.34,2.28,0.0,83.17
48113004800,113,2583,3.37,2.21,0.19,92.02
48113005000,113,3560,6.66,3.68,0.0,89.66
48113005100,113,2928,7.62,0.96,0.0,90.4
48113005200,113,5098,20.62,6.61,0.0,70.73
48113005300,113,7066,12.1,0.69,0.85,86.06
48113005400,113,6140,7.38,24.23,1.51,61.38
48113005500,113,4615,3.6,49.62,0.0,46.78
48113005600,113,7834,1.01,15.42,0.0,82.32
48113005700,113,5163,2.52,53.84,0.5,43.0
48113001400,113,3843,35.15,14.91,3.62,44.16
48113005901,113,5669,1.48,54.88,0.07,43.45
48113005902,113,5048,4.24,65.57,0.0,30.19
48113006001,113,4452,1.8,5.3,0.0,92.72
48113006002,113,6072,14.16,51.94,2.78,30.67
48113006100,113,4808,9.59,44.59,0.0,44.78
48113006200,113,6783,10.79,37.74,1.4,49.74
48113006301,113,6333,4.96,7.58,0.0,86.86
48113006302,113,4549,17.19,5.28,0.0,77.53
48113006401,113,3002,10.49,1.17,0.0,87.94
48121021622,121,6629,47.67,5.96,26.26,16.41
48121021626,121,2786,68.05,6.6,17.34,5.71
48121021630,121,5452,48.18,13.63,15.02,21.44
48121021631,121,6108,48.58,9.97,15.82,22.31
48121021632,121,3382,65.43,15.08,8.66,8.31
48121021633,121,5160,63.7,2.54,9.75,21.57
48121021634,121,4907,39.27,34.4,1.75,20.34
48121021635,121,5238,29.95,43.45,5.54,17.96
48121021637,121,4466,31.59,36.32,5.08,22.19
48121021638,121,4478,31.02,19.52,17.78,25.84
48121021639,121,3173,63.66,4.98,11.53,13.39
48121021640,121,2234,45.97,9.18,15.49,26.5
48121021641,121,4596,39.64,23.67,10.1,18.8
48121021642,121,3487,40.38,29.88,6.62,23.11
48121021643,121,4957,45.35,12.43,31.75,5.29
48121021644,121,2079,64.36,6.93,20.01,8.71
48121021645,121,1246,19.82,0.0,0.0,80.18
48121021646,121,6485,43.27,21.09,20.88,13.11
48121021647,121,4018,69.69,6.37,5.23,11.87
48121021648,121,3301,87.61,3.88,2.57,4.88
48121021649,121,3740,35.35,11.47,42.78,8.66
48121021650,121,4833,28.16,9.19,54.33,4.97
48121021651,121,4254,48.97,15.49,22.94,9.57
48121021652,121,3078,58.97,4.32,30.99,5.49
48121021653,121,1653,34.72,0.0,45.86,15.0
48121021654,121,3168,23.93,0.54,66.1,8.96
48121021655,121,1596,76.75,5.45,9.65,6.77
48121021715,121,4690,54.03,11.88,14.03,16.99
48121021716,121,5038,44.58,10.76,17.29,22.23
48121021717,121,5599,59.35,6.89,4.39,26.36
48121021719,121,5379,78.29,6.38,3.79,8.57
48121021720,121,3490,62.32,2.75,22.44,8.6
48121021721,121,4502,63.04,9.35,9.46,10.33
48121021722,121,4137,70.85,7.23,1.93,17.07
48121021723,121,1429,49.13,9.31,8.12,23.58
48121021724,121,4238,75.86,5.66,11.02,3.78
48121021725,121,4352,71.67,4.85,9.79,9.72
48121021726,121,3618,82.06,2.85,4.84,7.82
48121021727,121,4880,60.31,6.35,20.84,9.75
48121021728,121,3364,44.89,12.51,5.59,35.17
48121021729,121,2892,77.28,4.32,6.19,9.2
48121021730,121,3214,73.62,5.85,9.15,7.9
48121021731,121,3275,55.45,16.18,12.58,13.37
48121021732,121,2159,27.05,20.8,21.03,28.49
48121021733,121,2724,39.87,20.15,11.23,21.29
48121021734,121,3511,35.09,26.2,5.16,30.7
48221160100,221,5116,86.49,2.72,0.53,7.37
48221160204,221,3580,87.01,0.0,0.0,11.37
48221160206,221,4171,86.12,1.39,0.5,10.84
48221160210,221,6518,91.98,0.0,1.8,1.41
48221160211,221,3960,78.61,0.0,0.0,19.87
48221160212,221,3781,86.25,2.62,0.0,11.13
48221160213,221,3555,82.9,0.0,0.0,17.1
48221160214,221,4207,76.63,0.31,0.69,21.16
48221160215,221,2725,72.99,0.0,0.0,27.01
48221160216,221,3399,89.2,0.0,0.0,8.44
48439104100,439,3547,61.74,2.88,10.85,22.33
48439104202,439,3453,67.88,2.84,4.72,22.3
48439104203,439,3763,69.41,8.53,5.58,11.29
48439104204,439,2315,96.2,0.0,1.08,2.46
48439104301,439,3387,72.63,4.02,5.37,12.19
48439104302,439,3632,81.69,0.85,0.58,12.64
48439104400,439,5927,38.03,1.45,0.17,54.75
48439104502,439,3053,14.15,9.76,0.0,74.71
48439104503,439,2660,0.49,1.69,3.68,94.14
48439104504,439,3006,11.28,4.42,0.7,83.43
48439104505,439,4834,5.42,40.79,0.0,53.04
48439104601,439,5361,0.62,36.13,1.42,61.67
48439104602,439,4658,5.73,24.5,0.97,68.29
48439104603,439,3966,4.51,13.64,1.71,80.13
48439104604,439,3363,1.72,55.34,0.0,41.63
48439104605,439,5597,5.91,43.83,1.86,44.67
48439104701,439,4760,5.97,0.19,2.56,90.08
48439104702,439,3239,3.92,3.61,0.77,90.77
48439104802,439,5395,19.18,10.25,1.58,67.73
48439104803,439,7314,13.28,3.17,12.65,68.96
48439104804,439,3075,9.14,0.65,2.6,87.45
48439104900,439,3225,15.41,2.7,6.6,75.01
48439105007,439,5595,56.85,12.35,18.5,8.03
48439105008,439,9816,45.83,9.87,8.96,27.18
48439105009,439,6713,10.29,1.56,0.3,86.97
48439105201,439,5467,25.79,28.61,0.16,40.22
48439105203,439,3418,36.63,7.55,2.31,46.37
48439105204,439,3659,31.27,34.98,1.8,30.06
48439105206,439,2365,45.45,26.26,0.0,26.72
48439105207,439,3249,20.34,65.04,4.89,7.79
48439105403,439,6094,69.4,1.56,14.44,11.93
48439105404,439,3873,89.0,0.28,0.23,7.41
48439105405,439,3788,68.85,12.25,3.48,11.4
48439105407,439,2576,65.3,7.3,2.37,20.46
48439105408,439,2333,81.87,0.73,2.83,8.83
48439105502,439,7700,44.83,13.49,1.08,35.44
48439105503,439,5662,60.77,10.46,6.38,21.76
48439105505,439,5067,43.0,16.26,5.72,26.05
48439105511,439,6207,31.48,39.04,0.26,26.53
48439105512,439,5107,43.22,19.42,2.62,31.33
48439105513,439,3128,42.55,26.34,1.89,26.37
48439105514,439,2992,33.46,26.7,4.48,32.95
48439105515,439,6952,33.44,28.97,6.72,24.48
48439105516,439,2533,48.09,22.07,0.83,28.19
48439105517,439,3559,32.37,27.68,18.26,21.02
48439105518,439,3464,68.56,4.97,6.32,14.78
48113006501,113,6113,4.32,0.47,0.15,94.75
48113006502,113,4387,6.88,0.27,0.0,92.34
48113006701,113,5128,1.62,1.21,0.0,97.02
48113006702,113,2523,4.44,0.0,0.32,93.66
48113006800,113,4993,14.74,6.85,0.66,77.37
48113006900,113,4287,15.33,7.56,0.0,74.41
48113007101,113,2445,84.7,1.06,3.84,9.28
48113007102,113,5349,40.76,24.85,4.24,26.83
48113007203,113,3594,21.68,8.57,0.0,69.12
48113007204,113,4154,16.83,9.29,0.0,73.88
48113007205,113,4829,12.36,1.08,0.0,86.56
48113007206,113,3316,21.83,1.03,0.0,77.14
48113007301,113,1509,93.9,0.2,0.0,3.18
48113007302,113,4119,78.25,2.84,0.95,15.42
48113007601,113,1840,80.49,0.76,6.52,8.8
48113007604,113,2886,87.46,0.0,6.48,2.46
48113007605,113,1621,87.35,0.0,6.35,2.84
48113007701,113,2073,86.44,0.34,8.44,4.63
48113007702,113,3301,87.55,0.0,2.18,5.0
48113007801,113,2463,88.23,2.6,2.56,4.55
48113007805,113,2515,55.55,21.27,0.0,21.75
48113007809,113,3314,50.09,17.59,10.05,21.03
48113007810,113,4749,45.59,29.37,6.78,13.86
48113007812,113,2873,82.53,4.8,5.53,5.71
48113007815,113,5607,9.77,32.53,33.39,19.24
48113007819,113,2368,22.55,26.6,7.01,43.07
48113007821,113,3946,12.8,24.0,11.89,49.14
48113007822,113,1785,47.28,24.37,3.25,23.08
48113007823,113,1893,26.04,23.24,6.34,39.09
48113007824,113,2051,84.2,1.02,2.29,12.48
48113007825,113,5637,39.08,22.05,2.73,36.14
48113007826,113,1301,35.51,24.29,4.84,32.21
48113007827,113,3152,28.84,33.34,0.0,32.65
48113007828,113,5461,17.69,59.68,5.82,8.7
48113007829,113,3100,3.9,68.03,2.0,26.06
48113007830,113,2371,22.99,11.89,2.53,60.94
48113006402,113,5367,3.58,0.22,0.0,95.75
48113007831,113,2773,14.14,47.06,4.26,33.83
48113007832,113,3106,14.07,11.2,30.46,43.21
48113007833,113,3360,10.65,34.14,0.0,52.17
48113007834,113,2829,22.02,57.3,0.0,17.67
48113007835,113,3014,30.66,42.6,0.0,24.15
48113007902,113,5092,82.4,4.87,2.67,9.07
48113007903,113,1995,82.21,2.56,2.36,8.72
48113007906,113,2087,96.74,1.01,1.05,0.0
48113007909,113,2473,34.33,14.76,30.53,13.83
48113007910,113,3039,49.46,11.45,13.85,16.98
48121021735,121,3775,37.17,23.95,4.98,25.48
48121021736,121,2308,35.57,28.6,13.13,17.85
48121021737,121,5398,36.92,18.6,17.19,24.73
48121021738,121,3296,44.45,22.06,17.81,13.35
48121021739,121,3017,24.43,7.46,9.35,56.81
48121021740,121,5138,40.0,13.39,10.51,30.28
48121021741,121,2328,39.22,23.5,13.66,21.22
48121021742,121,7219,48.73,4.21,12.07,30.42
48121021743,121,3450,42.12,8.43,10.17,38.61
48121021744,121,3511,23.04,0.26,12.08,61.12
48121021745,121,5686,25.2,5.61,6.51,60.64
48121021746,121,4306,76.47,2.79,2.51,15.4
48121021748,121,3859,85.07,0.0,4.51,6.63
48121021749,121,3897,82.35,3.54,2.57,6.16
48121021750,121,5031,68.3,2.39,15.5,8.23
48121021751,121,4724,64.73,9.1,22.16,2.92
48121021752,121,5143,69.28,2.08,18.47,8.01
48121021754,121,4393,81.49,4.01,0.77,12.27
48121021755,121,8133,83.75,0.3,5.86,7.48
48121021756,121,4076,71.76,2.31,16.85,5.81
48121021757,121,3952,75.43,4.15,8.2,6.45
48121021758,121,4063,80.56,2.26,10.66,5.86
48121021759,121,1282,77.22,2.34,5.62,11.7
48121021800,121,4455,78.88,4.42,9.14,5.52
48121021900,121,5500,70.69,3.36,18.4,4.89
48221160217,221,4751,74.87,5.68,2.93,16.52
48221160218,221,4253,84.88,0.0,0.05,12.77
48221160302,221,4690,82.67,0.17,0.38,12.73
48221160303,221,5319,87.59,0.0,0.04,10.53
48439105519,439,4482,74.97,5.78,6.11,11.09
48439105520,439,2217,81.73,1.35,12.27,3.79
48439105600,439,5168,40.5,3.0,0.0,55.79
48439105701,439,4484,47.77,11.8,0.56,37.62
48439105703,439,3424,28.68,30.99,3.27,36.45
48439105705,439,4254,24.87,28.96,1.69,41.02
48439105706,439,4107,10.91,28.95,7.82,51.81
48439105800,439,4597,18.25,1.26,0.13,80.36
48439105901,439,4243,9.9,9.0,0.28,80.82
48439105902,439,6214,15.37,25.72,29.0,26.97
48439106002,439,3420,10.15,46.93,0.23,41.4
48439106004,439,8151,15.15,36.12,0.47,43.63
48439106005,439,4898,10.62,23.64,0.0,65.17
48439106006,439,5447,14.39,40.96,0.59,40.79
48439106101,439,1908,9.01,55.56,0.0,34.75
48439106102,439,4039,16.17,35.45,0.0,42.96
48439106201,439,4071,0.0,48.56,0.0,50.16
48439106202,439,5059,10.97,81.87,0.0,6.35
48439106300,439,4557,2.15,69.26,0.0,26.66
48439106400,439,3244,30.27,22.04,0.83,42.88
48439106502,439,2750,34.36,39.75,4.62,16.58
48439106503,439,4525,17.08,57.99,1.17,19.78
48439106507,439,2522,58.68,16.97,3.69,15.5
48439106509,439,5810,45.32,30.4,7.81,12.74
48439106512,439,4910,28.74,42.42,9.76,15.68
48439106513,439,3303,20.5,51.2,1.18,21.1
48439106514,439,5587,29.77,47.59,4.06,15.18
48439106515,439,3799,24.93,50.91,2.92,15.66
48439106518,439,6329,22.04,32.99,16.4,22.82
48439106519,439,1980,5.56,56.06,13.79,15.91
48439106520,439,3436,9.78,53.96,1.95,34.31
48439106521,439,5131,26.54,41.32,8.07,18.81
48439106522,439,5086,15.47,34.66,6.76,41.7
48439106523,439,3711,33.66,36.76,3.56,22.8
48439106524,439,5778,34.65,25.22,18.36,16.86
48439106525,439,2021,52.4,5.2,29.14,12.07
48439106526,439,7014,56.91,16.68,11.49,11.06
48439106600,439,2349,37.59,15.07,0.77,44.57
48439106700,439,2153,49.98,9.43,0.79,39.8
48439110102,439,3953,30.96,5.36,9.31,52.06
48439110103,439,4462,43.01,12.57,9.52,34.89
48439110104,439,3106,35.83,20.64,16.19,24.5
48439110202,439,4391,30.86,4.62,5.26,58.98
48439110204,439,7417,32.25,2.56,5.41,56.53
48439110205,439,5159,49.6,8.53,11.49,30.37
48439110206,439,2768,31.86,16.47,6.61,43.03
48113007912,113,2121,56.91,12.68,12.92,13.3
48113007913,113,2919,68.41,11.03,4.08,8.63
48113007914,113,3391,60.37,13.24,18.76,7.25
48113007915,113,1686,61.45,3.38,8.96,23.61
48113007916,113,1167,64.01,4.37,20.05,8.23
48113008000,113,7401,87.26,0.85,4.99,4.96
48113008101,113,1720,65.81,4.83,2.33,21.98
48113008102,113,4345,72.27,8.03,0.44,14.64
48113008200,113,3642,55.02,9.8,5.19,27.1
48113008401,113,5486,12.41,0.0,0.0,87.31
48113008402,113,3848,9.69,8.47,0.0,80.77
48113008500,113,4384,15.65,14.53,0.34,67.79
48113008604,113,2956,2.47,65.6,0.0,31.94
48113008701,113,5468,1.04,78.75,0.0,18.69
48113008703,113,2977,7.12,47.36,0.0,44.47
48113008704,113,4500,0.64,78.62,0.0,20.73
48113008705,113,1507,1.86,54.81,0.0,42.87
48113008801,113,2754,2.07,74.04,0.0,20.99
48113008802,113,4687,0.51,68.85,0.0,30.53
48113009001,113,6307,7.83,20.28,0.0,71.89
48113009002,113,3450,10.32,14.43,0.87,74.35
48113009101,113,6054,12.42,18.35,0.0,68.85
48113009103,113,3475,4.92,24.69,0.0,69.04
48113009104,113,3690,6.02,16.75,0.0,77.24
48113009105,113,3554,9.12,19.19,0.0,70.12
48113009202,113,6466,3.12,13.63,0.0,83.25
48113009203,113,4595,6.53,4.57,0.0,88.05
48113009204,113,2673,15.08,18.14,0.0,66.67
48113009301,113,5259,3.06,11.62,0.0,85.32
48113009303,113,3930,1.27,15.01,0.0,83.28
48113009304,113,8724,1.77,61.86,0.0,33.53
48113009401,113,3184,51.13,3.52,1.98,41.3
48113009402,113,2458,81.24,0.0,2.32,12.04
48113009500,113,2099,77.23,4.1,3.19,12.63
48113009603,113,4984,70.59,3.61,5.0,18.18
48113009604,113,4433,61.02,16.26,0.63,21.18
48113009605,113,3069,20.17,9.68,2.93,66.31
48113009607,113,3434,61.91,2.04,1.37,32.96
48113009608,113,2846,69.71,3.09,1.83,24.28
48113009609,113,3429,79.53,2.36,7.84,8.46
48113009610,113,4566,23.57,1.27,0.0,74.75
48113009611,113,4032,40.05,3.27,3.42,53.25
48113009701,113,5219,34.97,4.08,0.34,59.03
48113009702,113,3080,76.27,0.42,3.21,17.99
48113009802,113,6233,22.43,1.25,0.56,75.76
48113009803,113,2125,34.96,6.02,0.71,56.75
48113009804,113,7544,26.9,1.19,0.72,70.86
48139060103,139,4745,47.65,7.57,0.06,43.9
48139060104,139,4304,28.51,9.87,0.0,61.62
48139060105,139,3578,42.68,0.73,0.0,52.12
48139060106,139,3053,46.54,6.22,0.0,45.66
48139060206,139,6479,42.32,22.81,0.49,30.08
48139060207,139,6995,52.87,9.72,3.53,29.08
48139060209,139,4900,75.04,8.69,2.51,12.04
48139060211,139,3865,81.47,10.48,0.0,7.37
48139060212,139,7211,69.12,2.19,1.14,26.67
48139060215,139,3802,57.86,17.46,2.1,22.01
48139060216,139,6736,45.0,27.09,0.0,26.99
48139060217,139,7545,72.99,5.71,2.62,17.23
48439110301,439,3487,35.53,3.38,9.75,50.76
48439110302,439,4890,29.59,1.82,4.44,63.68
48439110401,439,4932,66.22,0.53,0.0,32.2
48439110402,439,5593,29.41,3.45,0.0,63.95
48439110500,439,7653,39.19,0.21,0.38,59.49
48439110600,439,2713,58.75,2.69,0.88,31.51
48439110703,439,6061,51.26,6.12,0.76,39.05
48439110704,439,4710,63.18,5.9,2.95,24.82
48439110705,439,3565,68.84,4.82,2.75,22.16
48439110706,439,3380,45.83,7.22,2.25,44.17
48439110805,439,6392,64.49,7.6,2.72,21.31
48439110806,439,5039,68.92,8.95,1.39,18.48
48439110807,439,8011,57.9,2.27,2.87,25.66
48439110808,439,3985,76.29,6.75,2.94,11.67
48439110809,439,2178,84.25,3.99,1.47,8.95
48439110901,439,5352,60.28,1.98,0.36,36.01
48439110903,439,1356,75.44,5.46,2.51,9.66
48439110905,439,4339,74.0,1.8,0.37,19.61
48439110906,439,4747,61.64,1.54,0.48,34.59
48439110907,439,3733,72.78,5.09,5.95,13.9
48439111003,439,3007,39.71,14.87,3.96,37.94
48439111010,439,3570,78.94,1.54,0.0,17.56
48439111015,439,2352,56.16,9.57,0.43,32.57
48439111018,439,2459,52.91,17.81,0.45,25.42
48439111019,439,4896,20.06,27.57,13.17,38.64
48439111020,439,6048,22.73,35.95,2.84,37.35
48439111021,439,4867,54.06,25.85,2.3,13.21
48439111022,439,5951,41.2,31.51,3.63,22.1
48439111023,439,7132,13.45,52.33,3.76,24.13
48439111024,439,5298,20.03,56.0,10.7,8.49
48439111025,439,4037,20.88,13.82,0.97,56.65
48439111026,439,6298,12.23,48.3,0.62,32.17
48439111027,439,4407,16.36,53.12,3.15,27.37
48439111028,439,6791,50.32,19.07,0.19,26.03
48439111029,439,7272,55.45,4.41,4.91,23.36
48439111030,439,4209,77.62,7.34,3.64,7.86
48439111031,439,1700,32.88,44.82,7.12,14.12
48439111032,439,5774,41.95,29.39,10.05,16.61
48439111033,439,4370,34.69,36.86,10.16,16.45
48439111102,439,5987,5.75,54.85,0.0,36.75
48439111103,439,4262,4.65,43.13,0.0,52.23
48439111104,439,2849,8.53,38.43,0.11,51.14
48439111202,439,6232,20.64,26.27,0.35,50.45
48439111203,439,7557,46.96,12.11,0.41,34.13
48439111204,439,4437,76.52,4.69,1.74,16.54
48439111304,439,7560,74.13,7.22,2.88,11.01
48113009900,113,5611,15.24,22.08,29.0,29.87
48113010001,113,2218,23.53,44.59,9.78,19.39
48113010002,113,5158,17.53,47.44,0.35,29.04
48113010003,113,3160,56.33,18.77,4.43,15.13
48113010101,113,4347,7.34,41.27,0.32,51.07
48113010102,113,3596,5.48,3.7,0.0,90.82
48113010500,113,3317,6.3,21.1,0.0,72.6
48113010601,113,5765,9.0,0.97,0.0,89.4
48113010602,113,2900,12.34,34.76,2.0,50.9
48113010701,113,5374,3.65,10.61,0.87,81.06
48113010704,113,6572,3.73,29.53,1.52,65.14
48113010804,113,5201,1.85,40.76,0.0,57.39
48113010805,113,5862,5.15,25.96,1.19,66.67
48113010806,113,4092,23.09,27.0,1.22,43.16
48113010807,113,4937,8.3,38.02,0.0,53.68
48113010808,113,3581,8.15,15.67,0.0,76.18
48113010809,113,6015,9.89,20.83,1.48,67.8
48113010903,113,3999,3.78,62.57,0.05,28.41
48113010904,113,3930,3.0,68.24,0.53,22.75
48113010905,113,3559,1.29,94.02,0.0,1.55
48113010906,113,4112,1.39,66.85,2.04,27.6
48113011002,113,3899,6.31,68.35,0.0,21.13
48113011003,113,5273,12.31,67.49,0.0,20.16
48113011004,113,2380,10.34,57.94,0.0,31.72
48113011101,113,4946,12.78,73.17,0.0,14.05
48113011103,113,3749,11.87,36.84,0.4,50.76
48113011104,113,4459,2.04,56.58,0.0,40.84
48113011105,113,5222,0.36,58.02,0.0,40.6
48113011201,113,4176,7.09,71.24,0.0,20.0
48113011202,113,2898,2.52,62.11,0.0,29.78
48113011300,113,5127,1.07,82.78,0.0,15.74
48113011401,113,5763,3.45,74.79,0.0,13.79
48113011500,113,4685,6.38,30.39,0.0,62.35
48113011601,113,4491,3.41,44.93,0.0,51.66
48113011603,113,3602,9.05,9.66,3.08,78.21
48113011604,113,3454,11.87,25.13,0.38,62.62
48113011701,113,6964,7.73,19.47,0.0,72.54
48113011702,113,5942,11.28,4.02,5.72,78.76
48113011801,113,5573,9.13,33.2,0.0,57.67
48113011802,113,5232,1.83,2.03,0.0,95.8
48113011901,113,4194,10.06,24.32,0.41,64.93
48113011902,113,4914,5.41,31.66,0.0,62.11
48113012000,113,10362,3.51,34.01,0.88,61.22
48113012101,113,2760,7.5,59.75,0.0,32.75
48113012102,113,3312,4.5,39.43,1.69,52.87
48113012206,113,6118,16.0,49.43,1.36,32.15
48139060218,139,2588,59.66,11.59,0.0,26.28
48139060219,139,4479,66.35,3.66,0.04,29.27
48139060220,139,3769,69.62,7.59,0.0,18.94
48139060221,139,6969,78.76,8.64,0.09,11.05
48139060300,139,3929,47.98,4.86,1.78,43.85
48139060400,139,4956,30.81,50.36,0.0,18.02
48139060500,139,2565,49.2,15.2,0.0,31.46
48139060601,139,4976,65.92,5.53,0.32,24.16
48139060602,139,3822,62.48,8.95,0.16,27.89
48139060702,139,5145,65.99,6.78,0.89,21.03
48139060704,139,5161,55.9,13.21,0.95,26.02
48139060801,139,8839,78.99,9.97,0.51,4.62
48139060802,139,7901,82.96,3.83,1.72,6.02
48139060803,139,1601,61.46,1.87,1.5,25.55
48139060900,139,7720,78.7,4.92,0.62,12.58
48139061000,139,5093,63.87,11.84,0.0,19.42
48139061100,139,5285,69.76,0.19,0.61,25.18
48139061200,139,1964,52.75,6.67,0.41,35.18
48139061300,139,3593,65.6,0.86,0.0,32.28
48139061401,139,2532,58.89,23.7,1.03,15.92
48139061402,139,4735,52.19,4.16,0.0,37.89
48139061500,139,6505,25.86,12.48,0.14,57.31
48139061600,139,6782,28.91,20.2,0.0,50.88
48139061700,139,5362,68.87,0.0,0.0,30.32
48439111306,439,5442,48.22,12.26,1.71,34.97
48439111307,439,3294,40.47,27.78,0.15,18.0
48439111308,439,2054,54.48,19.52,1.27,23.56
48439111309,439,4356,44.33,10.24,0.0,42.36
48439111311,439,7366,53.88,17.09,6.27,14.51
48439111312,439,3361,84.38,5.0,0.77,3.15
48439111314,439,8133,40.21,37.05,5.08,14.45
48439111315,439,4413,32.36,40.58,10.31,15.73
48439111316,439,6683,25.96,45.23,8.62,18.06
48439111317,439,4517,77.75,0.8,0.11,18.66
48439111318,439,5965,78.59,10.7,0.65,8.06
48439111319,439,8482,41.51,36.48,8.35,12.86
48439111320,439,4584,33.01,30.13,5.13,24.74
48439111402,439,6933,67.13,11.63,1.46,10.77
48439111405,439,2489,49.1,16.15,2.37,29.69
48439111406,439,4304,54.88,21.42,2.79,17.98
48439111407,439,3447,69.05,8.96,5.86,11.46
48439111408,439,4102,61.63,22.35,2.63,12.19
48439111409,439,5300,56.64,13.43,13.11,12.25
48439111410,439,3193,44.32,30.44,5.2,17.16
48439111411,439,5599,67.26,19.0,3.98,8.57
48439111505,439,4937,71.14,7.8,0.97,17.72
48439111506,439,6944,60.97,21.18,3.24,12.01
48439111513,439,4957,23.08,25.16,15.78,33.59
48439111514,439,5993,27.38,23.63,6.52,35.46
48439111516,439,7201,26.94,31.37,4.47,28.72
48439111522,439,6925,26.76,5.91,7.96,58.4
48439111525,439,6876,24.84,19.88,7.42,41.43
48439111526,439,4645,52.34,14.38,3.4,25.66
48439111529,439,3742,70.12,2.57,3.82,19.99
48439111530,439,5600,76.41,8.62,4.02,6.71
48439111531,439,4438,73.41,9.33,7.23,6.44
48439111532,439,6908,66.6,9.22,4.94,15.45
48439111533,439,5799,62.11,7.73,3.66,21.85
48439111534,439,6547,57.69,17.53,2.73,15.9
48439111536,439,3799,17.72,36.64,3.53,38.43
48439111538,439,5888,17.92,40.64,6.35,32.49
48439111540,439,6577,25.59,17.36,14.22,39.52
48439111541,439,3937,21.23,41.71,2.84,30.84
48439111542,439,5994,31.55,27.86,10.93,26.94
48439111543,439,8097,20.67,36.05,11.56,29.78
48439111544,439,8298,39.02,25.9,6.52,23.04
48439111545,439,2212,82.78,2.8,8.5,5.38
48439111546,439,7341,74.88,5.9,5.22,13.51
48439111551,439,7618,58.69,18.96,10.32,8.74
48439111552,439,3294,58.89,9.71,6.1,19.13
48113012207,113,6978,9.16,49.87,0.8,40.08
48113012208,113,2574,4.35,36.44,0.0,57.38
48113012209,113,2552,53.02,20.89,2.35,23.51
48113012210,113,4377,19.72,46.54,1.62,30.71
48113012211,113,4970,11.41,37.81,4.57,43.64
48113012212,113,5986,19.36,9.89,0.4,70.35
48113012213,113,2109,61.4,4.27,0.0,33.14
48113012301,113,5263,17.84,14.27,0.78,66.48
48113012302,113,9761,11.65,35.12,2.78,47.98
48113012400,113,5423,52.74,1.79,0.0,40.16
48113012501,113,3636,17.11,0.03,3.19,79.68
48113012502,113,3864,22.9,5.2,0.39,71.2
48113012601,113,6678,11.96,8.45,6.18,71.89
48113012603,113,1989,27.55,1.66,0.75,69.53
48113012604,113,7387,21.1,29.48,1.81,46.87
48113012701,113,5827,26.34,9.03,2.15,62.26
48113012702,113,3257,28.86,6.11,0.0,64.66
48113012801,113,2908,48.31,0.07,1.24,43.88
48113012802,113,5300,54.55,3.98,0.0,38.85
48113012900,113,4797,64.27,1.46,0.25,25.83
48113013005,113,4213,81.06,2.25,6.79,7.69
48113013007,113,3665,39.89,13.29,15.39,25.78
48113013008,113,3468,60.32,10.61,11.85,14.27
48113013009,113,4890,47.98,28.61,2.09,17.83
48113013010,113,5149,17.58,32.88,2.23,47.15
48113013011,113,4394,10.54,32.11,1.89,55.21
48113013012,113,2677,77.47,3.4,0.0,13.78
48113013013,113,4540,95.09,2.69,0.13,0.73
48113013101,113,2983,89.67,0.23,2.41,7.07
48113013102,113,2151,90.61,1.77,1.39,2.05
48113013104,113,1684,80.7,10.21,2.49,6.41
48113013106,113,1689,53.76,13.62,9.71,20.54
48113013107,113,4767,43.65,28.51,3.48,22.32
48113013201,113,2606,72.29,4.07,0.0,18.53
48113013202,113,4878,50.31,26.4,3.65,18.18
48113013300,113,1796,86.47,0.45,7.24,2.06
48113013400,113,1790,79.78,1.68,13.24,3.46
48113013500,113,2560,88.48,0.0,4.1,2.62
48113013605,113,5339,84.72,0.64,2.79,9.68
48113013606,113,6085,55.55,9.06,4.09,26.75
48113013607,113,3752,70.63,4.0,1.52,20.87
48113013608,113,2133,86.26,1.97,5.2,6.47
48113013609,113,3760,39.23,10.48,0.82,46.54
48113013610,113,4823,41.2,2.67,2.18,47.52
48113013611,113,2603,73.3,6.61,6.8,3.53
48113013615,113,5444,13.21,31.41,0.0,51.87
48439111553,439,4179,38.1,23.38,5.38,24.62
48439111554,439,4260,24.55,23.54,15.52,35.7
48439111555,439,4733,17.98,35.03,12.89,27.64
48439111556,439,4695,21.26,28.12,0.66,43.47
48439111557,439,2454,23.47,15.85,21.92,38.75
48439111558,439,6670,22.62,22.4,11.35,42.02
48439111559,439,1667,28.97,31.85,7.98,14.22
48439111560,439,6842,29.28,30.31,13.14,19.72
48439111561,439,4866,22.24,31.71,22.93,23.12
48439111562,439,6534,21.26,45.42,9.31,22.65
48439111563,439,4381,24.77,41.59,21.02,9.29
48439111564,439,4306,28.94,25.41,29.28,11.47
48439111565,439,5159,37.43,39.6,5.87,14.25
48439111566,439,6823,36.99,32.04,17.4,12.52
48439111567,439,9371,34.28,42.83,0.98,20.94
48439111568,439,7802,23.48,39.21,13.8,21.05
48439111569,439,4006,15.08,27.21,23.56,30.23
48439111570,439,5466,10.39,61.11,2.4,25.59
48439111571,439,3185,22.23,20.78,23.23,24.49
48439111572,439,2646,7.6,40.67,19.99,31.75
48439113003,439,1030,46.7,28.83,0.0,16.12
48439113004,439,2646,64.55,5.52,4.95,23.73
48439113005,439,2159,5.14,40.81,0.23,51.37
48439113006,439,1307,3.67,47.9,5.13,43.31
48439113007,439,2975,20.27,23.03,5.21,51.03
48439113102,439,4838,48.31,23.32,5.62,16.56
48439113104,439,3806,37.83,42.43,2.76,14.95
48439113107,439,2040,80.1,1.72,1.91,16.27
48439113108,439,4593,72.31,5.49,5.68,11.17
48439113109,439,3877,28.24,35.05,7.84,25.66
48439113110,439,4785,26.67,39.27,1.53,30.72
48439113112,439,2204,48.82,32.67,5.85,8.35
48439113115,439,3799,26.66,24.45,3.63,44.72
48439113116,439,3928,22.12,38.87,5.68,28.51
48439113117,439,1928,27.85,43.21,2.75,21.11
48439113118,439,3062,1.67,78.18,3.4,16.0
48439113119,439,3864,37.06,44.07,7.74,10.17
48439113120,439,3302,55.51,15.17,23.41,4.27
48439113121,439,730,41.92,41.1,2.47,14.52
48439113122,439,3097,19.99,57.15,5.26,15.11
48439113206,439,5394,58.16,3.11,2.11,29.76
48439113207,439,3946,84.54,3.02,0.86,9.58
48439113210,439,8417,77.25,4.18,5.77,11.95
48439113212,439,4675,81.41,2.59,2.57,11.44
48439113213,439,3635,64.04,3.14,0.72,23.3
48439113214,439,6106,62.56,7.71,3.8,20.77
48113013617,113,2958,68.15,8.86,5.07,10.75
48113013618,113,2961,53.97,4.69,12.8,25.94
48113013619,113,4790,75.53,3.13,8.94,9.48
48113013620,113,6041,44.3,30.64,7.98,12.96
48113013621,113,4462,35.3,28.91,3.72,26.8
48113013622,113,2811,51.19,16.47,2.77,25.15
48113013624,113,4882,29.58,24.62,13.58,24.83
48113013625,113,3385,15.27,32.82,7.15,39.44
48113013626,113,3264,20.07,16.3,6.92,49.42
48113013627,113,1425,37.4,21.4,1.12,32.14
48113013628,113,5233,48.96,7.09,10.41,28.09
48113013629,113,3315,15.72,7.03,0.36,75.84
48113013630,113,2707,25.79,24.27,7.61,40.3
48113013631,113,1599,10.32,26.58,7.44,54.03
48113013715,113,2895,18.93,1.83,3.32,75.41
48113013716,113,5133,38.67,10.62,10.01,40.0
48113013717,113,3266,16.26,2.02,7.47,72.99
48113013718,113,4940,11.54,12.59,0.97,74.31
48113013719,113,4833,30.66,14.01,39.58,13.16
48113013720,113,6912,25.23,6.51,9.45,57.97
48113013721,113,5699,58.55,7.65,9.26,19.13
48113013722,113,5342,30.55,25.5,7.34,33.75
48113013725,113,4223,39.17,27.94,2.72,29.46
48113013726,113,2746,43.85,4.66,12.6,34.12
48113013727,113,3641,39.85,23.46,9.37,17.99
48113013728,113,6587,16.18,4.78,3.25,73.99
48113013729,113,7798,15.66,3.8,1.65,78.26
48113013804,113,3924,46.56,5.12,2.04,44.19
48113013805,113,3404,36.52,18.07,9.72,27.76
48113013806,113,4308,35.24,12.33,21.22,23.84
48113013807,113,3943,60.51,0.0,1.88,34.92
48113013808,113,3788,55.31,2.67,6.36,27.72
48113013901,113,5145,14.67,2.29,0.87,81.89
48113013902,113,5026,35.77,3.18,1.77,57.96
48113014001,113,5240,54.14,3.28,9.73,30.52
48113014002,113,521,52.78,15.36,23.42,8.45
48113014119,113,4404,60.01,3.86,13.15,17.73
48113014120,113,4792,64.71,0.17,19.07,11.5
48113014121,113,4955,42.02,7.65,24.62,20.22
48113014123,113,5790,56.49,1.28,30.73,9.0
48113014124,113,3688,44.71,11.2,24.97,16.73
48113014126,113,7152,52.77,1.5,25.14,18.83
48113014128,113,3991,23.53,3.86,57.23,5.59
48113014130,113,3685,20.14,9.42,52.32,12.92
48113014132,113,2628,20.66,33.41,33.07,9.02
48113014134,113,4412,40.75,1.63,41.46,11.85
48439113215,439,5023,76.61,1.43,1.17,19.35
48439113216,439,4915,56.28,14.28,5.25,19.82
48439113217,439,4518,67.2,10.42,4.47,14.74
48439113218,439,2905,80.96,4.06,1.0,10.6
48439113221,439,6531,72.79,2.79,0.55,21.25
48439113222,439,3899,38.16,22.31,11.64,24.08
48439113223,439,3333,61.75,5.91,2.43,26.04
48439113301,439,3485,65.74,3.85,1.29,23.07
48439113302,439,4973,58.48,0.64,3.14,26.18
48439113403,439,2641,68.31,3.6,2.08,24.5
48439113404,439,5787,60.39,12.42,0.0,21.36
48439113407,439,6136,32.68,8.77,5.41,50.75
48439113408,439,5050,54.42,13.37,1.66,23.35
48439113409,439,2417,77.82,10.05,1.03,8.69
48439113410,439,4750,32.32,9.79,4.53,49.68
48439113509,439,4784,35.79,13.65,7.71,24.5
48439113510,439,6254,35.75,12.42,32.81,16.71
48439113511,439,4016,42.58,26.39,20.37,6.3
48439113512,439,6047,51.73,14.39,8.68,20.26
48439113513,439,5163,42.53,7.65,8.44,26.44
48439113514,439,4788,32.44,12.61,16.48,30.14
48439113516,439,4026,66.79,10.66,5.02,15.95
48439113517,439,4460,45.74,28.59,10.43,13.5
48439113519,439,6571,61.36,7.17,15.08,11.28
48439113520,439,5897,42.75,14.06,6.99,13.01
48439113521,439,3685,40.71,21.22,5.4,28.63
48439113522,439,1588,55.67,26.07,1.39,12.47
48439113607,439,4532,51.79,26.59,1.9,16.04
48439113611,439,4183,78.1,6.34,3.39,8.68
48439113612,439,4684,81.38,2.24,8.39,4.8
48439113613,439,4391,71.65,5.03,4.1,12.53
48439113618,439,5302,56.51,12.22,7.9,20.09
48439113619,439,5596,37.99,36.33,1.98,15.99
48439113622,439,7446,75.62,1.6,6.66,14.52
48439113623,439,2957,86.17,0.61,0.44,12.55
48439113624,439,4754,68.38,6.12,7.64,14.37
48439113625,439,3322,77.45,0.69,7.25,14.09
48439113626,439,3538,76.26,2.2,5.77,13.17
48439113628,439,5575,38.69,26.82,7.75,13.06
48439113629,439,4955,64.6,11.26,8.23,13.44
48439113630,439,3298,59.01,13.1,9.01,14.43
48439113632,439,5111,80.49,1.25,5.52,9.82
48439113633,439,4762,80.11,0.76,11.47,5.94
48439113634,439,5357,79.45,1.94,11.69,4.24
48439113635,439,4245,46.05,4.55,2.85,44.48
48439113636,439,2802,28.3,22.09,1.64,46.57
48113014135,113,4916,48.86,12.86,22.13,11.41
48113014138,113,3900,23.46,10.87,57.23,7.59
48113014139,113,2566,14.34,50.66,1.71,10.6
48113014140,113,2986,17.31,36.97,29.77,15.94
48113014141,113,1825,33.37,22.63,25.04,16.55
48113014142,113,1871,30.41,20.68,18.71,25.33
48113014143,113,3988,40.07,5.04,43.76,10.38
48113014144,113,5123,18.56,14.7,49.37,15.24
48113014145,113,1213,20.45,46.74,14.92,12.94
48113014146,113,2242,7.58,18.51,55.93,17.26
48113014147,113,1907,15.63,55.79,6.35,21.45
48113014148,113,3154,28.69,9.86,50.76,9.16
48113014149,113,3652,12.65,15.44,62.51,4.44
48113014150,113,1504,7.58,24.8,64.83,2.66
48113014151,113,3906,9.68,12.8,62.19,5.99
48113014152,113,3376,12.32,24.85,49.56,12.91
48113014153,113,4116,16.25,19.61,4.47,59.67
48113014154,113,3707,11.82,23.42,30.89,29.97
48113014155,113,5191,16.12,16.01,59.78,7.53
48113014156,113,3801,17.97,0.18,76.32,2.37
48113014157,113,1597,39.26,5.95,44.4,10.39
48113014158,113,3008,10.61,47.81,13.46,23.47
48113014159,113,1930,2.8,0.0,88.76,8.45
48113014160,113,2249,16.63,32.46,37.79,9.96
48113014161,113,3432,7.87,55.77,7.55,25.17
48113014203,113,2940,38.37,1.87,3.64,53.91
48113014204,113,2516,35.65,3.38,20.79,33.55
48113014205,113,1482,60.59,1.55,19.1,14.44
48113014207,113,1584,44.44,34.85,7.64,10.29
48113014208,113,1647,39.71,25.87,6.74,27.69
48113014209,113,3122,39.17,33.25,14.38,12.43
48113014306,113,6125,18.06,5.89,3.89,71.9
48113014308,113,4283,13.68,15.41,4.09,60.92
48113014309,113,5726,8.51,19.12,13.5,57.37
48113014310,113,4207,25.6,31.16,10.77,29.45
48113014313,113,2342,27.24,21.14,36.46,15.16
48113014314,113,2189,48.06,15.49,18.18,12.97
48113014315,113,2558,25.45,8.68,1.45,62.47
48113014316,113,4885,20.14,0.0,20.55,54.8
48113014317,113,1845,30.03,17.24,4.44,45.8
48113014318,113,2266,35.17,17.12,5.16,41.26
48113014319,113,2483,14.42,15.83,52.48,16.35
48113014320,113,2793,4.55,8.13,72.93,9.45
48113014405,113,3412,21.69,4.6,4.51,68.58
48113014406,113,4510,24.99,0.91,1.26,72.46
48113014407,113,4795,9.05,17.41,9.89,61.17
48439113637,439,4248,58.52,10.59,2.5,20.13
48439113638,439,1758,64.16,13.65,4.38,12.23
48439113639,439,6873,87.63,0.0,2.23,6.72
48439113640,439,6624,83.39,3.0,3.88,9.72
48439113707,439,5159,87.89,0.43,5.1,4.75
48439113709,439,5442,72.05,2.26,14.94,9.54
48439113710,439,4837,52.35,5.5,3.35,35.23
48439113711,439,4587,77.96,0.87,4.45,11.38
48439113712,439,4893,58.82,1.33,3.0,34.48
48439113713,439,1811,27.55,0.0,9.5,61.13
48439113714,439,3399,68.55,1.32,2.24,24.68
48439113715,439,6766,35.63,19.61,3.71,38.75
48439113716,439,3116,68.0,1.25,15.89,9.11
48439113803,439,5989,64.0,6.48,1.64,24.41
48439113808,439,6381,63.0,6.13,11.05,16.2
48439113809,439,4660,67.75,1.48,1.61,25.39
48439113810,439,4448,54.0,1.51,8.72,34.73
48439113811,439,3958,39.31,11.47,12.18,29.74
48439113812,439,5885,75.48,0.7,3.5,16.21
48439113813,439,5640,80.76,0.9,4.4,10.67
48439113814,439,4599,76.84,1.28,3.48,12.81
48439113815,439,6378,83.18,4.08,3.12,7.56
48439113816,439,5246,82.62,1.7,3.56,7.07
48439113906,439,7336,67.68,1.79,16.51,11.57
48439113908,439,5233,69.23,2.33,18.86,6.27
48439113912,439,6075,81.79,1.91,2.85,11.46
48439113916,439,4152,52.67,13.85,5.42,26.16
48439113917,439,7680,51.18,8.33,13.02,24.11
48439113918,439,5670,44.78,12.17,8.92,31.43
48439113919,439,7520,60.35,5.36,14.45,13.84
48439113920,439,6568,50.78,13.72,10.51,19.93
48439113923,439,5044,43.5,11.93,13.7,27.68
48439113924,439,5473,49.86,12.32,11.24,22.47
48439113925,439,4070,45.38,7.3,7.71,34.42
48439113930,439,11284,39.66,22.05,8.84,22.54
48439113931,439,11729,59.6,7.89,12.98,16.67
48439113932,439,4860,68.97,5.51,8.6,9.42
48439113933,439,2532,60.43,11.3,1.34,25.04
48439113934,439,6787,46.9,4.26,0.21,47.86
48439113935,439,3193,71.81,4.04,3.04,15.19
48439113936,439,6007,57.88,14.63,4.63,12.52
48439113937,439,0,,,,
48439113938,439,1939,51.11,0.0,0.0,48.89
48439113939,439,4211,50.15,25.6,4.13,16.22
48439113940,439,7147,66.41,7.46,5.32,18.19
48439113941,439,6021,68.01,6.16,3.42,21.08
48113014408,113,4221,18.91,15.83,12.01,50.13
48113014409,113,2903,9.3,30.55,8.82,51.33
48113014410,113,2220,19.91,23.69,11.31,42.3
48113014501,113,4276,29.93,1.8,3.3,62.18
48113014502,113,5259,12.26,1.94,2.34,83.15
48113014601,113,2182,23.88,13.66,0.78,56.0
48113014602,113,4619,11.97,0.0,1.95,84.35
48113014603,113,1894,12.83,2.75,0.53,83.63
48113014701,113,4095,10.74,3.03,3.3,81.42
48113014704,113,5630,17.62,1.12,2.27,78.15
48113014903,113,3973,12.81,5.56,3.85,77.1
48113015001,113,5065,20.24,3.51,0.0,73.94
48113015002,113,2796,22.64,8.12,6.47,61.55
48113015101,113,4145,18.02,1.5,6.83,69.17
48113015102,113,2772,10.64,4.55,4.4,80.41
48113015202,113,3081,13.79,6.23,0.0,78.55
48113015205,113,3456,13.95,4.22,0.0,81.13
48113015206,113,4955,23.83,3.79,3.39,67.29
48113015207,113,3697,28.16,9.93,4.65,55.48
48113015208,113,4474,20.9,6.15,2.32,69.96
48113015303,113,1594,20.14,1.44,0.0,75.72
48113015304,113,4666,10.57,3.06,3.56,81.61
48113015305,113,4443,22.1,11.19,2.99,61.56
48113015306,113,5898,27.04,10.48,19.5,41.23
48113015403,113,3279,18.02,22.23,0.0,59.04
48113015404,113,5100,17.65,16.75,0.16,64.73
48113015405,113,2512,35.99,14.33,4.06,43.87
48113015406,113,3640,51.21,6.98,2.88,34.81
48113015500,113,4033,29.04,10.93,2.83,56.09
48113015600,113,6155,7.52,3.72,0.08,81.46
48113015700,113,2938,9.12,0.0,3.57,86.15
48113015900,113,3611,18.55,7.59,1.99,68.73
48113016001,113,5079,13.74,6.14,0.0,77.18
48113016002,113,3722,29.26,4.76,0.0,65.77
48113016100,113,4026,17.09,28.66,0.0,52.48
48113016201,113,4167,17.61,18.24,1.34,62.42
48113016203,113,1777,15.31,7.48,1.01,76.2
48113016204,113,5541,16.26,3.7,1.82,77.66
48113016301,113,7520,9.24,10.72,7.33,72.49
48113016302,113,2114,9.84,2.32,1.14,86.71
48113016406,113,4815,12.42,11.38,4.38,69.16
48113016407,113,7671,12.72,13.51,1.2,69.89
48113016409,113,3914,32.19,21.54,12.47,33.04
48113016410,113,5171,25.68,38.99,8.59,25.89
48113016412,113,5304,23.96,23.49,13.22,34.2
48113016414,113,1841,44.27,45.84,2.61,3.97
48439113942,439,5946,59.06,6.26,5.52,23.73
48439113943,439,5111,56.08,8.18,17.02,12.01
48439113944,439,6187,70.73,4.51,2.83,21.5
48439113945,439,4125,73.19,6.76,3.64,14.4
48439113946,439,7214,86.42,0.0,7.72,5.16
48439113947,439,3191,46.54,10.0,24.91,14.04
48439113948,439,5802,68.79,5.26,16.12,8.57
48439113949,439,3329,39.05,23.13,34.67,3.15
48439113950,439,6922,70.59,14.81,3.76,5.62
48439113951,439,3876,79.46,6.66,7.71,5.47
48439113952,439,5157,71.96,1.53,12.58,12.95
48439113953,439,7891,68.19,0.29,7.98,16.34
48439113954,439,4162,85.66,0.46,1.13,8.29
48439113955,439,4549,56.61,0.0,31.59,9.8
48439113956,439,5706,72.26,0.0,18.02,5.73
48439113957,439,4174,74.41,0.81,18.83,4.0
48439113958,439,2018,84.34,3.22,7.93,3.12
48439114003,439,8206,51.6,8.46,1.33,37.09
48439114006,439,6129,71.33,2.12,0.51,25.09
48439114009,439,4848,49.9,12.03,11.24,22.61
48439114010,439,8097,51.54,2.22,4.64,39.87
48439114011,439,6109,72.91,5.17,3.0,17.88
48439114012,439,9391,52.07,13.83,4.56,23.17
48439114013,439,9308,42.39,19.76,2.72,33.58
48439114014,439,7038,47.83,3.91,1.35,41.13
48439114015,439,3814,36.29,0.0,1.81,61.12
48439114105,439,3179,85.25,0.0,0.0,14.75
48439114106,439,6088,63.7,9.49,1.26,19.96
48439114107,439,4525,60.99,5.41,2.65,29.08
48439114108,439,5155,81.53,3.26,0.37,14.2
48439114109,439,11411,59.94,7.2,4.94,20.45
48439114110,439,8170,78.43,11.26,1.41,8.08
48439114111,439,1725,88.52,4.7,2.09,4.7
48439114112,439,5733,82.99,4.95,0.0,10.13
48439114113,439,4290,91.17,5.27,0.0,0.54
48439114203,439,5638,87.46,0.11,0.11,11.21
48439114204,439,6738,89.83,0.65,0.61,4.81
48439114205,439,3093,89.78,0.1,0.32,9.15
48439114206,439,4499,84.09,0.8,0.93,11.42
48439114207,439,5856,69.79,3.3,2.36,21.69
48439121605,439,3118,65.49,8.47,0.58,21.26
48439121606,439,3482,72.26,6.78,2.1,15.22
48439121608,439,6268,72.21,11.68,4.93,7.43
48439121609,439,5219,66.18,13.99,8.95,6.28
48439121610,439,2778,67.39,5.9,5.51,18.86
48439121611,439,4330,59.33,14.04,5.17,19.7
48085030101,085,2296,65.37,0.09,0.13,32.97
48085030102,085,2720,68.82,0.0,1.4,27.79
48085030201,085,3653,76.98,3.53,3.75,12.95
48085030202,085,3530,72.49,0.93,4.53,19.75
48085030204,085,6592,63.02,15.19,0.99,20.81
48085030205,085,5257,45.9,9.09,14.74,28.7
48085030206,085,3421,78.02,1.46,6.46,11.81
48085030207,085,9449,75.57,10.31,0.76,8.86
48085030301,085,8668,67.47,12.57,6.36,8.2
48085030302,085,5040,77.68,6.49,6.21,5.89
48085030303,085,9572,73.28,7.12,6.2,8.2
48085030304,085,6926,78.27,3.36,4.39,10.29
48085030306,085,8234,72.33,2.76,7.92,9.24
48085030307,085,11777,65.54,7.7,5.99,14.53
48085030403,085,7407,71.5,6.08,2.54,18.48
48113016415,113,4854,29.71,17.74,5.34,45.16
48113016416,113,3304,12.14,31.9,13.62,33.02
48113016417,113,5706,23.05,17.1,8.1,49.28
48113016418,113,5045,14.17,31.36,7.79,43.37
48113016419,113,5046,21.2,15.76,12.88,48.75
48113016420,113,4276,22.19,9.64,1.66,65.01
48113016421,113,3524,25.28,13.82,3.09,57.8
48113016511,113,4785,13.75,58.62,2.78,23.2
48113016513,113,5484,37.02,34.72,1.19,23.47
48113016516,113,5625,24.12,23.48,1.48,49.81
48113016517,113,5147,17.31,38.68,0.66,42.76
48113016518,113,5702,18.45,37.0,3.74,40.14
48113016519,113,2270,37.93,10.22,0.44,46.04
48113016521,113,6940,28.54,40.95,4.25,22.67
48113016522,113,4722,32.74,29.82,1.1,33.38
48113016524,113,2356,44.35,23.73,4.67,16.77
48113016525,113,1994,20.36,45.49,17.2,11.18
48113016526,113,5476,6.98,60.52,1.26,30.64
48113016527,113,4532,17.52,38.26,15.47,28.75
48113016528,113,5587,9.68,51.6,4.21,34.51
48113016529,113,3357,12.03,46.02,6.49,34.55
48113016530,113,3469,22.28,35.02,6.92,34.07
48113016531,113,3597,16.51,36.25,1.11,45.34
48113016532,113,1679,48.84,24.42,0.0,26.74
48113016533,113,3669,9.38,17.74,1.72,71.16
48113016534,113,3665,7.8,36.56,3.08,52.55
48113016535,113,3023,43.27,19.15,0.0,37.58
48113016536,113,2952,17.75,12.26,0.0,67.21
48113016607,113,3420,1.35,88.63,0.0,8.71
48113016610,113,4102,6.09,81.74,0.73,7.92
48113016615,113,4680,7.88,60.47,4.98,21.2
48113016616,113,6802,9.41,55.85,0.87,27.05
48113016617,113,4660,18.15,64.85,1.59,10.41
48113016618,113,4438,14.29,62.28,0.45,19.29
48113016619,113,3648,10.12,63.68,0.0,25.6
48113016620,113,5418,18.0,57.92,2.16,19.92
48113016621,113,5458,7.13,58.15,0.0,31.7
48113016622,113,4141,20.7,49.92,0.0,27.63
48113016623,113,7193,11.25,63.38,0.54,19.95
48113016624,113,3405,15.39,77.8,0.0,5.64
48113016626,113,4477,14.34,53.38,1.38,25.53
48113016627,113,2660,5.45,57.67,0.0,36.32
48113016628,113,5010,9.54,66.73,0.0,19.86
48113016629,113,2763,13.03,60.08,0.0,24.43
48113016630,113,6811,6.78,74.28,0.0,16.71
48113016631,113,4787,7.54,82.16,1.9,3.72
48231960100,231,3172,72.57,6.97,7.5,11.16
48231960200,231,2594,89.75,7.9,0.0,1.81
48231960300,231,4251,79.75,1.55,0.0,15.64
48231960400,231,5275,60.82,6.58,0.09,30.81
48231960500,231,3785,62.85,26.02,0.71,7.37
48231960600,231,4664,45.88,20.58,4.52,20.09
48231960700,231,5463,86.89,1.04,1.34,8.77
48231960800,231,3551,22.25,25.09,0.0,52.66
48231960900,231,5525,38.46,12.96,2.01,37.32
48367140101,367,5688,73.54,9.62,1.14,12.78
48367140102,367,5216,57.69,4.89,0.17,33.74
48367140201,367,3012,80.08,1.33,0.0,13.25
48367140202,367,4004,93.03,1.12,0.27,4.85
48367140300,367,6230,72.23,1.7,0.0,19.58
48367140403,367,8072,86.04,0.0,0.04,11.08
48367140408,367,4870,82.98,0.0,0.0,12.92
48367140409,367,3877,81.84,0.0,0.1,16.22
48367140410,367,4282,75.25,2.52,0.0,21.3
48367140411,367,4849,80.97,2.02,1.48,15.24
48367140412,367,4168,86.47,0.48,0.0,11.42
48367140413,367,3325,81.53,0.6,0.09,11.67
48367140414,367,2728,91.24,0.0,0.0,8.76
48367140415,367,4438,84.14,0.0,3.09,9.26
48367140416,367,4141,63.97,2.2,1.09,31.1
48367140502,367,5630,91.81,0.64,0.0,5.29
48367140503,367,4409,94.81,0.0,0.0,4.76
48367140504,367,3020,84.87,0.0,0.0,7.35
48367140601,367,8173,87.54,0.87,0.46,9.51
48367140603,367,7676,78.91,1.97,0.26,16.39
48367140604,367,3667,82.74,0.0,0.0,17.26
48367140707,367,3268,89.08,0.24,0.49,6.52
48367140708,367,5149,92.37,0.95,1.03,3.34
48367140709,367,6569,87.09,0.2,0.29,8.21
48367140710,367,3636,82.92,2.23,0.17,13.09
48367140711,367,5830,85.8,0.0,1.51,9.21
48367140712,367,2551,80.2,0.0,0.0,19.09
48367140713,367,3710,86.47,0.49,0.75,11.97
48367140714,367,6259,88.64,0.42,1.6,7.81
48439121612,439,3121,63.28,7.56,4.04,22.88
48439121613,439,4521,45.1,17.76,0.0,30.63
48439121614,439,2925,34.46,37.78,0.0,26.67
48439121615,439,3766,39.94,17.9,12.85,26.1
48439121702,439,2345,29.94,31.56,0.34,36.89
48439121703,439,5431,18.91,16.37,4.75,57.25
48439121704,439,3423,20.54,15.92,2.72,58.63
48439121904,439,5167,12.99,19.86,0.0,66.23
48439121905,439,5750,9.98,29.25,17.9,40.92
48439121906,439,4366,19.79,19.01,2.86,56.28
48439121907,439,4873,7.61,21.65,3.96,64.58
48439121908,439,1271,1.42,35.01,0.0,62.08
48439122001,439,4029,16.38,3.7,0.2,79.05
48439122002,439,4773,11.59,18.56,0.44,67.59
48439122100,439,7803,14.58,4.18,0.41,74.54
48439122200,439,2187,18.7,13.63,0.0,63.6
48439122300,439,4789,37.0,19.19,22.32,16.41
48439122401,439,1845,25.26,11.33,19.95,40.38
48439122402,439,4198,52.76,12.79,16.03,16.15
48439122500,439,4229,63.09,15.96,4.23,14.19
48439122600,439,4273,67.03,9.95,0.16,19.54
48439122701,439,2112,42.76,20.31,2.6,25.33
48439122702,439,2696,61.5,8.61,1.56,24.85
48439122801,439,3990,12.21,27.57,1.13,59.1
48439122802,439,5826,26.6,12.15,8.12,52.68
48439122901,439,3879,24.1,0.57,0.0,75.33
48439122902,439,2905,16.97,15.66,2.69,62.82
48439123001,439,3181,52.94,20.87,7.7,16.98
48439123002,439,2662,79.68,6.42,5.67,7.25
48439123100,439,3191,9.75,42.09,1.25,46.04
48439123200,439,2600,43.08,11.65,2.62,37.96
48439123301,439,1116,82.97,2.87,2.6,10.84
48439123302,439,5621,52.55,19.11,3.75,21.53
48439123500,439,3369,2.79,32.92,0.0,62.24
48439123600,439,2928,32.38,22.85,2.08,40.88
48439123700,439,3658,67.77,5.74,7.55,17.03
48439980000,439,0,,,,
48085030404,085,5941,60.63,15.96,13.92,8.55
48085030405,085,5581,55.6,17.25,12.18,13.38
48085030406,085,4951,37.27,8.95,14.83,36.6
48085030407,085,4380,71.94,5.32,12.6,8.77
48085030409,085,2950,32.51,6.78,14.44,42.51
48085030410,085,3824,51.44,4.84,1.88,41.11
48085030504,085,3455,69.55,12.16,12.27,2.32
48085030505,085,5429,44.19,6.21,36.64,10.04
48085030506,085,4188,55.64,18.51,13.59,8.14
48085030507,085,1900,55.79,2.16,15.47,22.26
48085030509,085,3103,48.79,4.32,26.14,18.27
48085030510,085,3752,52.32,13.33,14.45,16.44
48085030511,085,12502,32.65,6.73,41.79,14.0
48085030512,085,5949,65.61,3.09,22.47,5.45
48085030515,085,7286,55.63,8.63,9.62,23.61
48085030516,085,7327,50.24,15.19,22.27,11.14
48085030517,085,10501,60.82,6.26,19.14,8.73
48085030518,085,9052,40.27,4.79,43.9,4.08
48085030519,085,6479,49.44,6.03,20.0,20.45
48085030520,085,7018,47.93,14.92,28.11,6.3
48085030521,085,5245,34.38,12.77,39.68,11.53
48085030524,085,7053,41.17,10.44,21.04,20.81
48085030525,085,5601,82.77,2.16,5.87,5.03
48085030529,085,3308,64.03,13.3,5.62,14.03
48085030531,085,7739,76.0,11.49,3.98,4.39
48085030532,085,2799,73.31,5.89,8.68,12.11
48085030533,085,2996,60.05,0.0,17.62,20.39
48085030534,085,2934,84.7,1.7,3.89,9.54
48085030535,085,2831,79.58,0.64,3.18,10.63
48085030536,085,7221,30.47,10.19,35.54,16.24
48085030537,085,6170,47.54,0.6,29.95,13.18
48085030538,085,5778,49.46,15.25,21.06,7.41
48085030539,085,6791,51.36,16.52,14.52,15.64
48085030540,085,3063,49.23,28.04,9.5,9.99
48085030541,085,2938,44.08,1.29,40.23,12.9
48085030542,085,5258,63.2,7.11,18.77,5.44
48085030543,085,2889,63.48,13.26,6.02,14.81
48085030544,085,5838,65.5,4.86,9.92,17.51
48085030545,085,2733,86.79,4.87,1.9,3.55
48085030546,085,5138,69.02,10.06,7.03,4.09
48085030547,085,6211,60.38,8.9,4.11,25.13
48085030548,085,6474,60.83,19.08,4.43,10.97
48085030549,085,2807,44.39,10.65,17.88,23.58
48085030550,085,4390,69.95,13.49,5.01,8.13
48085030604,085,3829,49.15,23.64,0.99,21.57
48085030605,085,7194,49.28,18.71,0.18,30.69
48113016632,113,2655,16.2,45.76,0.0,37.4
48113016633,113,6601,3.88,83.73,0.0,11.62
48113016634,113,3686,10.77,16.41,0.0,69.61
48113016635,113,3951,2.28,86.69,2.38,8.58
48113016636,113,2361,31.09,32.74,5.34,28.5
48113016637,113,2685,3.91,62.31,0.0,33.3
48113016638,113,1925,15.9,63.53,0.0,13.77
48113016704,113,4154,17.57,65.0,0.58,13.53
48113016706,113,2515,5.49,56.54,0.36,35.03
48113016707,113,4624,6.4,85.58,1.02,5.88
48113016708,113,6665,3.71,83.47,0.0,11.3
48113016709,113,2986,17.01,58.94,0.44,22.97
48113016710,113,5103,6.35,60.83,0.0,29.88
48113016711,113,2443,0.61,68.65,0.0,30.05
48113016802,113,4353,12.73,53.11,0.0,31.33
48113016803,113,5385,23.9,62.64,1.08,8.36
48113016805,113,4129,6.66,85.18,3.34,4.17
48113016806,113,5761,2.52,85.73,0.0,11.75
48113016902,113,6070,19.04,35.45,0.21,41.25
48113016903,113,5760,24.93,30.19,0.24,42.62
48113017005,113,4807,24.01,8.49,0.0,66.96
48113017006,113,5830,53.02,8.44,0.0,36.33
48113017007,113,6024,15.79,9.71,0.42,73.84
48113017008,113,5482,32.05,27.38,0.18,35.57
48113017009,113,5117,18.76,1.47,0.0,77.76
48113017010,113,4891,17.56,13.11,0.0,67.78
48113017101,113,7172,19.77,16.06,0.75,62.81
48113017102,113,6370,12.32,18.4,0.0,68.65
48113017201,113,5045,18.67,17.56,0.18,63.59
48113017203,113,4907,18.5,37.72,1.9,40.33
48113017204,113,4479,11.34,25.18,0.25,62.94
48113017307,113,3275,25.56,26.26,12.95,33.37
48113017308,113,4637,25.92,32.97,6.69,30.26
48113017309,113,2656,24.13,21.76,2.0,48.87
48113017310,113,3554,26.81,46.65,0.0,26.22
48113017311,113,3113,32.38,26.53,2.15,37.91
48113017312,113,4618,34.67,30.58,1.28,28.3
48113017313,113,3713,17.8,50.82,4.15,24.89
48113017314,113,8155,16.37,25.84,0.78,55.41
48113017315,113,5613,25.12,30.45,0.0,43.33
48113017400,113,5172,39.06,16.28,0.77,41.47
48113017500,113,3672,45.21,14.49,2.45,28.62
48113017602,113,4271,18.78,26.72,0.0,50.13
48113017604,113,3466,25.82,13.19,0.0,60.01
48113017605,113,3747,8.33,29.94,0.0,60.93
48113017606,113,4888,14.46,18.68,0.49,63.67
48231961101,231,4129,83.0,1.4,3.95,10.78
48231961102,231,3264,84.74,3.31,0.0,7.26
48231961200,231,5716,76.47,6.6,0.49,11.6
48231961300,231,6632,76.46,7.58,2.08,11.58
48231961401,231,5504,71.86,10.48,0.0,14.46
48231961402,231,4535,82.71,0.71,1.28,13.05
48231961501,231,3307,78.8,0.42,1.03,18.57
48231961502,231,5440,78.14,0.62,0.92,18.81
48231961503,231,4958,82.73,1.05,1.01,10.04
48231961600,231,6330,75.45,0.25,0.49,21.2
48231961700,231,2631,87.65,0.0,0.3,9.69
48231961000,231,5476,63.55,20.25,0.09,14.26
48497150101,497,4399,81.65,0.18,0.0,12.59
48497150103,497,4461,79.76,0.9,2.35,13.41
48497150104,497,3853,61.61,0.0,0.0,36.96
48497150201,497,3017,73.52,6.13,0.96,19.39
48497150202,497,3794,53.77,1.53,0.0,42.41
48497150300,497,2759,90.11,0.25,0.0,6.78
48497150402,497,6305,88.77,0.06,0.06,8.79
48497150403,497,4859,75.34,0.51,0.33,20.48
48497150404,497,2030,88.08,0.0,0.0,9.66
48497150405,497,4308,74.61,3.67,0.0,20.36
48497150500,497,6196,55.71,0.9,0.76,41.33
48497150603,497,5150,73.11,3.07,0.7,18.76
48497150604,497,4399,90.93,0.0,0.89,8.18
48497150605,497,5462,85.61,0.22,0.0,11.92
48497150606,497,2773,81.21,3.46,0.0,13.52
48497150607,497,4119,74.44,0.07,0.0,19.5
48085030606,085,5648,73.6,18.2,3.08,3.36
48085030607,085,5633,81.09,1.65,5.27,10.19
48085030608,085,1745,56.62,12.09,0.0,28.19
48085030609,085,8433,56.15,11.29,8.41,18.49
48085030701,085,3416,51.0,9.25,2.37,37.27
48085030702,085,5814,57.95,4.27,0.24,36.5
48085030801,085,4608,57.86,14.41,1.02,22.5
48085030802,085,5877,38.4,14.55,0.0,41.64
48085030901,085,2247,27.73,22.92,3.03,45.66
48085030902,085,0,,,,
48085030903,085,7488,28.78,12.03,0.76,56.85
48085031003,085,7724,45.38,20.82,1.63,27.95
48085031005,085,3500,62.14,2.4,1.8,33.14
48085031006,085,2348,68.78,2.17,0.0,25.51
48085031007,085,4018,54.11,7.69,3.26,34.57
48085031008,085,2713,56.14,1.07,0.41,41.28
48085031101,085,5196,76.62,7.06,0.46,12.84
48085031102,085,5239,67.82,3.47,0.36,27.51
48085031201,085,5526,76.95,4.25,1.03,14.21
48085031202,085,5206,65.85,6.09,0.96,24.3
48085031308,085,6543,56.12,13.04,1.56,26.52
48085031314,085,4254,56.58,3.76,11.61,25.27
48085031318,085,5087,54.41,23.81,7.04,12.35
48085031319,085,3953,64.13,8.2,6.7,19.25
48085031320,085,6426,51.45,11.7,0.22,34.7
48085031321,085,5350,58.06,13.7,1.5,12.71
48085031322,085,6283,68.85,5.28,5.87,16.98
48085031323,085,5354,73.91,6.74,4.37,9.06
48085031324,085,4601,62.2,13.41,16.43,7.09
48085031325,085,1809,65.51,7.63,19.18,7.02
48085031326,085,5823,58.39,10.41,21.54,9.05
48085031327,085,3624,49.97,12.03,28.61,2.21
48085031328,085,4015,42.76,6.03,28.82,15.37
48085031329,085,7638,51.69,15.66,28.83,2.44
48085031330,085,5823,48.39,15.64,6.75,18.1
48085031331,085,3819,51.64,11.57,3.27,31.66
48085031332,085,5523,39.36,5.58,44.58,6.63
48085031333,085,3815,15.52,15.33,63.51,2.04
48085031334,085,3935,66.3,2.69,21.14,8.61
48085031335,085,5261,63.24,14.24,15.09,5.72
48085031336,085,4414,62.62,11.19,11.87,12.12
48085031408,085,3648,60.22,9.73,23.27,6.28
48085031411,085,5929,51.46,19.36,18.96,6.7
48085031412,085,5684,75.93,13.09,3.48,3.54
48085031413,085,8421,37.61,31.68,13.64,13.86
48085031414,085,8005,60.82,1.49,12.67,10.62
48113017703,113,5782,18.44,30.59,4.36,43.45
48113017704,113,6700,24.19,23.73,1.64,43.61
48113017705,113,3029,19.08,33.81,9.97,35.89
48113017706,113,4721,30.14,27.49,3.41,31.62
48113017805,113,5059,25.85,27.26,0.0,46.29
48113017806,113,4763,16.99,12.98,0.0,68.93
48113017808,113,3915,38.06,13.38,7.69,39.18
48113017811,113,4740,50.0,18.29,9.87,20.23
48113017812,113,2125,47.29,11.25,4.0,34.45
48113017814,113,4943,30.02,25.07,17.46,25.19
48113017815,113,2865,29.7,19.3,2.65,42.76
48113017816,113,5385,12.48,16.79,0.0,69.55
48113017817,113,3157,33.01,29.14,6.46,27.37
48113017818,113,3318,20.22,20.43,10.1,47.98
48113017819,113,1885,19.42,41.38,1.43,28.01
48113017820,113,4208,22.84,20.32,0.0,56.15
48113017900,113,5242,17.42,17.25,0.48,63.01
48113018001,113,5958,35.26,12.82,0.59,48.62
48113018002,113,3968,17.54,24.7,0.66,55.09
48113018105,113,5959,14.68,9.92,1.11,72.51
48113018110,113,5146,66.96,7.89,10.01,10.67
48113018111,113,6638,24.59,26.89,0.62,46.78
48113018120,113,5094,28.5,21.63,17.26,28.5
48113018121,113,4796,23.29,13.41,7.46,51.29
48113018126,113,6736,29.81,16.3,0.0,51.59
48113018127,113,2376,26.52,10.9,3.83,51.68
48113018128,113,5712,18.79,30.08,2.57,45.78
48113018129,113,4762,39.21,17.81,0.94,41.1
48113018130,113,4060,22.66,48.28,0.74,26.35
48113018132,113,5975,33.94,16.33,9.04,35.92
48113018133,113,4020,49.53,26.42,3.96,17.19
48113018134,113,5177,62.24,14.1,1.33,18.22
48113018135,113,4376,55.19,10.65,6.65,22.26
48113018137,113,4554,41.61,18.18,12.45,24.29
48113018138,113,4916,32.02,34.72,11.68,18.31
48113018140,113,6798,36.26,19.42,11.53,29.85
48113018141,113,3455,41.16,26.22,0.12,22.98
48113018142,113,3855,38.6,14.58,16.26,21.56
48113018143,113,5876,48.06,23.77,10.07,12.92
48113018144,113,4136,51.89,17.02,4.67,21.91
48113018145,113,4735,66.55,4.58,5.36,19.7
48113018146,113,3604,59.02,23.17,8.07,8.8
48113018147,113,4703,21.07,10.38,13.48,51.48
48113018148,113,4821,17.32,28.46,15.14,34.91
48113018149,113,4222,42.59,23.24,3.58,25.56
48113018150,113,4224,36.13,22.04,8.59,33.24
48085031415,085,6287,69.99,9.19,17.88,2.15
48085031416,085,9543,40.62,8.53,43.58,4.53
48085031417,085,4324,54.76,2.78,34.6,6.98
48085031418,085,5729,50.78,0.0,38.96,5.71
48085031419,085,4943,83.86,1.52,1.68,9.69
48085031420,085,2854,96.46,0.0,1.51,2.03
48085031421,085,3612,44.13,10.55,31.95,12.04
48085031422,085,4626,48.47,8.69,12.19,14.27
48085031423,085,3623,64.84,5.69,9.19,12.72
48085031424,085,3493,64.04,17.98,6.7,9.68
48085031425,085,4992,68.83,7.53,4.63,12.08
48085031504,085,6429,65.27,14.11,7.19,11.2
48085031507,085,6749,64.96,7.6,12.15,14.09
48085031508,085,5932,68.8,8.07,12.02,9.39
48085031509,085,4142,44.01,7.87,21.95,20.55
48085031510,085,5224,67.02,1.86,21.59,7.96
48085031511,085,5400,68.41,16.8,0.93,13.11
48085031512,085,3918,46.3,15.08,5.31,31.27
48085031611,085,3671,47.21,13.78,7.93,30.29
48085031613,085,5712,75.65,3.89,4.83,10.28
48085031621,085,6104,56.6,9.94,10.11,21.15
48085031622,085,6642,55.16,12.03,18.55,12.0
48085031623,085,2526,53.6,7.88,16.35,19.52
48085031624,085,3121,45.43,7.02,17.08,30.47
48085031625,085,4569,74.13,4.44,11.1,6.59
48085031626,085,2284,78.33,3.02,8.36,8.41
48085031627,085,5478,64.7,6.83,18.15,10.33
48085031628,085,4037,65.02,9.59,3.74,20.01
48085031629,085,4058,63.95,5.74,5.22,23.09
48085031630,085,4492,56.66,6.37,17.43,16.41
48085031631,085,5499,43.32,8.73,12.86,29.24
48085031632,085,5908,49.53,24.73,12.42,10.41
48085031633,085,4308,64.35,6.8,12.02,11.61
48085031634,085,3336,59.77,4.05,13.91,18.53
48085031635,085,4664,41.21,15.2,21.44,16.38
48085031636,085,7466,56.55,6.35,23.21,9.48
48085031639,085,7003,40.68,6.18,40.84,9.27
48085031641,085,6671,31.28,3.48,59.48,4.77
48085031642,085,5120,49.61,10.7,27.73,2.23
48085031643,085,4757,53.48,7.42,29.37,7.71
48085031645,085,1766,68.35,5.38,16.99,7.53
48085031646,085,5424,65.12,5.75,20.13,4.48
48085031647,085,3388,64.02,7.0,18.33,10.3
48085031649,085,5016,63.52,8.79,18.76,6.74
48085031654,085,4706,54.7,6.86,19.74,2.53
48085031655,085,4325,62.52,6.47,19.38,7.42
48113018151,113,2907,32.3,18.2,17.89,29.72
48113018152,113,5383,37.77,12.43,14.53,34.68
48113018153,113,8140,37.74,9.43,34.15,14.99
48113018154,113,5411,57.46,10.53,6.23,23.6
48113018155,113,4268,65.0,3.37,20.38,6.63
48113018156,113,6070,45.26,30.69,5.29,14.45
48113018157,113,4403,29.12,34.29,12.24,15.69
48113018158,113,4168,35.46,27.52,5.42,31.24
48113018159,113,3908,58.78,5.48,18.6,12.49
48113018203,113,6503,11.95,19.51,11.64,49.98
48113018204,113,5641,3.01,10.49,0.62,85.87
48113018205,113,3823,16.79,11.27,8.13,61.68
48113018206,113,4460,9.73,7.96,0.0,80.81
48113018300,113,6954,23.94,1.87,2.3,71.14
48113018401,113,4098,28.36,11.49,1.24,57.74
48113018402,113,4364,38.11,7.06,1.67,52.31
48113018403,113,1569,19.63,23.52,0.0,55.13
48113018501,113,4847,15.74,5.34,1.88,73.92
48113018505,113,4021,8.41,54.64,2.29,32.45
48113018506,113,3214,12.57,73.43,2.05,10.98
48113018507,113,4201,12.74,67.32,4.45,11.69
48113018508,113,1578,26.68,32.32,0.7,25.16
48113018600,113,3753,34.85,7.01,0.4,57.55
48113018700,113,7040,15.48,3.25,0.0,75.43
48113018801,113,5121,21.48,6.82,4.94,64.11
48113018802,113,1375,42.76,12.95,3.35,40.65
48113018900,113,5883,23.12,12.53,21.3,41.19
48113019013,113,5105,4.49,17.55,6.03,70.19
48113019016,113,2935,30.97,28.62,16.35,22.69
48113019018,113,5854,16.71,33.21,26.1,20.93
48113019019,113,7797,13.45,50.49,11.22,21.87
48113019020,113,6859,26.48,20.56,17.13,30.98
48113019023,113,5926,65.22,3.53,12.94,12.55
48113019024,113,4405,40.43,13.01,18.5,25.27
48113019025,113,4329,39.18,11.34,23.26,18.87
48113019026,113,5797,45.23,8.95,23.84,17.27
48113019027,113,6422,27.61,18.47,31.28,14.19
48113019028,113,3450,25.3,16.75,20.32,35.42
48113019029,113,6224,20.08,14.46,29.0,29.26
48113019031,113,4863,58.19,2.08,16.1,19.78
48113019032,113,4826,10.15,4.46,18.5,62.43
48113019033,113,4046,16.14,5.44,9.44,65.72
48113019034,113,4749,18.68,43.04,13.69,20.0
48113019035,113,7104,12.06,45.19,7.33,32.31
48113019036,113,2690,84.09,2.38,8.03,3.38
48113019037,113,3299,63.05,9.55,12.25,12.55
48251130100,251,5300,80.87,6.64,0.0,10.6
48251130205,251,4326,85.32,0.0,0.0,12.14
48251130210,251,5218,88.08,0.0,0.67,8.05
48251130211,251,6180,84.9,0.39,1.12,11.67
48251130212,251,6077,68.49,4.28,0.67,23.83
48251130213,251,4747,67.98,1.22,0.0,29.18
48251130214,251,6715,79.18,1.19,0.0,17.07
48251130215,251,6232,68.57,5.33,0.45,22.43
48251130216,251,4866,83.76,3.74,3.99,7.91
48251130217,251,2805,88.98,1.93,0.89,7.56
48251130218,251,3646,78.2,0.0,0.0,17.22
48397040101,397,7939,84.0,0.4,5.42,6.51
48397040103,397,4006,81.93,1.85,0.72,11.68
48397040104,397,3517,59.45,16.06,0.26,22.55
48397040201,397,1422,84.11,4.5,3.31,5.63
48397040202,397,4405,76.25,1.45,5.22,11.03
48397040203,397,915,73.88,3.28,0.87,9.4
48397040301,397,6172,64.99,10.81,2.64,17.9
48397040303,397,3215,87.68,0.62,2.27,8.06
48397040304,397,3075,59.58,2.8,4.03,33.59
48397040305,397,2962,62.63,17.69,13.54,5.67
48397040403,397,2930,68.29,3.86,1.91,25.94
48397040404,397,2885,71.2,17.68,0.0,8.94
48397040405,397,2140,38.97,4.02,2.34,50.7
48397040406,397,3530,67.28,3.31,4.22,22.58
48397040407,397,2928,59.53,0.0,0.55,39.28
48397040408,397,2103,48.69,15.07,1.81,29.67
48397040409,397,3239,40.32,4.63,2.44,49.77
48397040410,397,5065,66.97,8.53,0.85,17.83
48397040411,397,2781,77.99,10.14,0.0,11.87
48397040412,397,761,79.11,0.0,0.0,14.19
48397040503,397,5992,45.23,8.19,3.6,37.85
48397040507,397,5193,88.66,0.0,1.71,7.32
48397040508,397,2851,89.48,3.47,1.68,3.54
48397040509,397,1899,76.41,0.47,0.74,20.91
48397040510,397,4891,82.93,0.31,1.19,13.13
48397040511,397,2926,82.4,0.0,10.77,5.09
48397040512,397,4742,55.74,18.75,2.32,23.2
48397040513,397,4625,66.29,22.92,0.67,9.28
48397040514,397,2066,87.32,1.16,0.0,10.02
48085031659,085,2511,33.49,4.3,48.07,3.9
48085031660,085,4515,21.06,3.41,68.7,2.06
48085031661,085,3465,39.37,7.3,43.46,6.81
48085031662,085,4355,42.82,7.97,34.72,6.41
48085031663,085,3691,40.8,8.56,42.4,4.39
48085031664,085,3821,49.28,5.94,36.98,6.12
48085031665,085,2639,28.61,18.49,35.54,11.48
48085031666,085,5831,42.19,9.74,35.45,10.6
48085031667,085,2986,67.78,4.29,15.14,6.83
48085031668,085,4732,77.98,5.39,12.53,1.69
48085031669,085,2258,48.76,13.95,25.47,10.01
48085031670,085,573,69.46,4.71,8.73,13.61
48085031671,085,2710,57.86,15.61,10.7,12.14
48085031672,085,1951,61.51,14.15,22.19,1.59
48085031673,085,2947,27.38,8.14,57.99,3.7
48085031674,085,4481,40.79,8.08,33.68,12.43
48085031675,085,2520,36.71,15.67,35.56,8.69
48085031676,085,4268,66.38,13.5,10.75,7.47
48085031677,085,3502,62.99,0.57,23.07,11.11
48085031678,085,3282,76.26,1.61,16.21,3.35
48085031679,085,2304,25.56,3.21,57.9,9.85
48085031680,085,4214,38.82,1.57,55.81,2.99
48085031681,085,2586,74.86,5.49,13.57,5.22
48085031682,085,4516,68.51,8.13,13.33,6.51
48085031704,085,3881,55.37,5.28,9.28,18.89
48085031706,085,2585,90.72,0.85,3.64,2.75
48085031708,085,4362,56.65,18.89,8.76,12.01
48085031709,085,5373,33.95,18.31,25.8,19.84
48085031711,085,3348,60.9,13.71,6.75,12.43
48085031713,085,4821,31.55,23.34,4.21,32.01
48085031715,085,2791,67.25,6.63,9.46,12.68
48085031716,085,2898,58.83,10.49,13.63,9.39
48085031717,085,1910,54.24,10.1,14.45,17.54
48085031718,085,2552,65.87,2.74,10.82,16.81
48085031719,085,1836,64.54,5.5,21.41,6.86
48085031720,085,4087,13.9,14.58,37.17,24.59
48085031721,085,1839,63.62,12.29,8.05,3.81
48085031657,085,3102,41.1,17.41,25.15,11.57
48085031722,085,2917,31.68,29.28,7.54,25.68
48085031723,085,3495,13.42,32.9,1.14,43.43
48085031724,085,2221,36.47,21.34,5.58,33.14
48085031806,085,2974,21.18,21.49,36.55,15.64
48085031807,085,4554,82.5,1.93,6.5,5.09
48085031808,085,4348,77.87,0.0,5.4,14.72
48085031809,085,1373,33.36,28.26,19.74,18.65
48085031810,085,1557,53.18,4.43,35.2,4.88
48113019039,113,7260,49.5,8.17,8.82,31.6
48113019040,113,8381,17.6,45.15,23.79,7.35
48113019041,113,2954,60.73,14.15,13.64,6.57
48113019042,113,5631,45.13,19.66,16.39,17.74
48113019044,113,3367,22.96,4.19,17.37,54.8
48113019045,113,2565,23.78,18.91,18.25,36.53
48113019046,113,4311,14.41,20.41,17.77,45.58
48113019047,113,3438,23.68,11.14,26.67,37.67
48113019048,113,3769,28.58,3.95,4.96,59.7
48113019049,113,4706,26.46,23.18,5.27,44.39
48113019050,113,3232,52.91,9.5,25.0,8.94
48113019051,113,4989,66.93,9.16,9.34,10.8
48113019052,113,556,36.69,14.39,15.11,31.29
48113019053,113,1239,48.43,24.78,13.56,10.41
48113019101,113,1383,41.07,22.42,24.87,6.58
48113019102,113,5313,52.46,9.5,16.19,19.59
48113019202,113,6028,35.75,18.91,3.32,40.06
48113019203,113,4008,82.93,0.57,1.12,12.62
48113019205,113,4706,80.58,10.45,7.37,1.59
48113019208,113,6230,14.08,15.84,3.21,65.25
48113019210,113,5216,84.93,2.09,2.2,4.75
48113019211,113,6142,55.34,14.93,6.4,18.94
48113019212,113,3763,0.61,6.54,0.0,90.78
48113019213,113,3599,13.53,21.51,4.14,60.21
48113019214,113,6138,17.58,8.59,0.93,71.0
48113019215,113,2809,78.68,5.02,2.06,12.64
48113019216,113,4359,68.2,1.49,8.08,19.52
48113019301,113,3340,88.35,0.0,3.32,3.14
48113019302,113,5537,68.95,8.45,8.2,11.83
48113019400,113,4399,79.04,0.0,9.82,6.34
48113019501,113,7433,91.24,0.0,3.59,2.66
48113019502,113,4318,92.73,0.0,3.47,2.85
48113019600,113,2309,86.57,0.61,8.66,1.13
48113019700,113,1775,80.51,0.0,5.24,9.13
48113019800,113,5059,91.82,0.18,5.04,2.51
48113019900,113,4200,7.88,2.31,0.0,89.4
48113020000,113,5335,37.41,7.2,43.04,9.33
48113020100,113,2072,22.64,3.52,1.88,70.13
48113020200,113,3969,1.56,91.26,0.0,7.18
48113020300,113,2258,12.31,75.16,0.4,11.74
48113020401,113,2528,50.95,27.89,1.27,18.55
48113020402,113,5604,46.84,25.18,1.93,21.36
48113020500,113,6420,4.77,51.23,6.78,34.22
48113020600,113,2113,83.2,0.0,8.57,4.64
48113020700,113,5255,68.91,2.85,7.1,19.26
48113020800,113,7091,1.54,74.32,0.0,23.48
48113020900,113,2230,9.73,77.89,0.0,12.24
48251130219,251,2938,86.76,6.77,0.0,5.28
48251130220,251,5164,71.8,2.85,1.41,22.71
48251130221,251,4019,69.17,5.08,0.0,14.73
48251130222,251,2899,81.41,6.21,0.97,6.66
48251130302,251,5556,61.63,8.14,2.66,26.69
48251130303,251,4642,55.0,2.31,2.8,29.15
48251130304,251,5457,69.12,2.05,1.03,26.33
48251130405,251,7361,71.89,6.3,2.0,18.49
48251130406,251,5107,88.76,0.0,0.0,9.71
48251130411,251,4105,33.06,1.36,0.19,62.97
48251130412,251,4601,56.64,7.74,0.67,33.01
48251130413,251,3905,54.34,8.86,3.84,31.14
48251130414,251,2521,76.64,0.0,0.0,22.57
48251130415,251,3600,74.44,0.19,0.0,23.28
48251130416,251,3177,65.25,0.0,0.0,32.61
48251130417,251,4514,63.05,7.82,0.0,28.4
48251130418,251,2043,31.42,31.23,0.0,37.35
48251130419,251,2732,52.45,8.16,1.94,36.35
48251130501,251,3579,90.58,0.0,0.14,8.05
48251130502,251,3803,83.91,0.0,0.0,11.67
48251130602,251,2728,87.06,5.39,0.7,5.94
48251130603,251,5509,88.69,0.0,0.0,10.31
48251130604,251,2529,80.86,0.59,0.51,15.94
48251130700,251,4429,59.25,3.64,3.14,32.58
48251130800,251,4310,40.95,4.48,0.39,48.4
48251130900,251,3718,28.27,7.1,0.0,63.69
48251131000,251,4678,88.03,0.92,0.0,9.06
48251131100,251,5623,61.91,6.19,1.1,28.45
48257050204,257,8092,45.87,23.23,6.27,24.37
48257050207,257,6186,47.48,24.56,2.88,23.12
48257050208,257,5233,66.83,9.38,0.0,23.33
48257050209,257,7253,59.34,16.38,4.67,16.09
48257050210,257,2097,78.02,7.87,0.0,13.26
48257050211,257,6833,35.02,25.2,3.61,34.27
48257050212,257,4262,74.85,7.93,1.71,14.43
